0.285444,-1.68427,0.262939,-0.287317,0.585725,0.980188,-0.0633745,0.767232,-1.1046,-0.251867,
0.505013,-0.454648,0.317462,-0.115087,0.567704,0.818905,0.461649,1.09306,-1.20029,-0.391617,
-0.431917,-0.478804,0.846711,-0.0117312,-0.138578,0.742591,-0.440276,1.36334,-0.325235,-0.194682,
0.728598,-0.271894,0.326844,-0.250724,-0.471017,1.21583,-0.106129,1.6158,-0.670805,0.129868,
0.0521193,-1.3807,0.637941,-0.23198,0.246337,1.43888,-0.860022,0.668077,-0.56033,0.414959,
-0.0911942,-0.60037,0.697439,-0.156222,1.22755,1.12224,0.8003,0.656096,-0.842949,-0.225738,
0.577267,-0.472959,0.604273,-0.0867927,0.772716,1.00584,-0.133795,1.32552,-0.713544,-1.7408,
0.30139,-0.868272,0.682016,0.0773676,0.440339,0.407381,-0.0766584,1.46834,-0.885768,-0.24149,
0.590827,-0.21294,0.939582,0.0461236,0.273027,1.12227,0.0905514,1.34428,-0.719508,-0.314509,
0.519813,-0.189792,0.60631,-0.0386932,0.420681,1.2275,-0.0240944,1.49217,-0.771301,-0.717131,
0.60957,-0.483778,-0.039686,0.0206749,0.137849,1.21171,0.0430753,1.4553,-0.579073,-0.30577,
1.23599,-0.572579,0.249752,0.165552,0.155198,0.868572,0.525833,0.861306,-1.26759,-0.398247,
-0.307531,-2.37538,-0.0514531,1.0364,0.302421,0.639521,0.738596,1.1268,-0.856375,-1.4756,
0.599134,-0.969916,0.59617,-0.285597,0.512686,1.7296,-0.561236,0.871979,-0.262977,-0.565257,
0.6034,-0.520945,-0.695026,0.685422,0.401425,0.547148,0.864966,1.26762,-0.912039,0.174958,
0.648819,-0.320734,1.35249,0.171434,0.517905,0.972621,0.0827299,0.844863,-1.2245,-0.429996,
0.587602,-0.681526,0.674282,-0.593973,0.50221,0.483817,-0.253522,0.738487,-0.642725,0.311643,
0.616434,-0.530699,0.0806262,-0.384022,0.336986,1.31366,0.455001,1.25888,-0.656593,-0.331551,
0.617909,-0.255049,0.540138,-0.0180633,0.594329,1.13975,0.255289,0.725063,-0.797027,-0.300959,
1.09206,-0.25814,-0.164438,0.778439,0.147414,0.92711,-0.320496,0.984069,-0.21459,-0.266905,
0.722737,-0.758774,1.2115,-0.780437,0.822576,0.716384,0.0460245,1.12788,-0.238665,-0.119087,
0.570932,-1.2768,0.569188,-0.177094,0.738909,0.5449,-0.270347,0.27401,-1.68895,-0.181091,
0.332091,-0.763721,0.171545,-0.177431,0.805699,1.43477,-0.0808389,0.577719,-1.04219,-0.0693292,
0.844719,-0.392522,0.418073,-0.516408,0.4743,0.752604,0.0433272,1.30187,-1.10225,-0.67348,
1.00077,-0.851173,0.127924,0.0740004,0.280028,0.992475,-0.130263,0.955415,-0.959083,-0.230554,
0.368635,-0.412217,0.587032,0.0631934,0.275985,0.496932,0.0908552,1.36753,-0.652349,-0.160975,
0.656531,-0.394828,0.243881,-0.20989,0.269408,0.389101,-0.305126,1.26193,-0.732491,-0.412276,
0.343374,-0.450858,0.831376,-0.211205,0.117654,0.665057,-0.459558,1.08443,-1.26949,-0.125048,
0.628832,-0.558908,0.636279,-0.417055,0.0829493,1.02288,0.204099,1.09831,-0.658375,-0.150191,
0.887984,-0.238597,0.604933,-0.30356,0.355807,0.961852,0.228384,0.942882,-1.15447,-0.453816,
0.13041,-0.3238,0.576642,-0.572716,0.815867,1.29096,-0.117744,0.928735,-0.861805,-0.680598,
0.54499,-0.432659,0.633584,-0.4488,-0.0101274,0.390589,-0.216424,1.13333,-0.815081,-0.0994706,
0.594004,-0.278435,0.602822,0.14917,-0.491636,0.717957,-0.34868,1.1611,-0.725273,0.0248754,
0.0626568,-0.192894,-0.161766,-0.391599,-0.474451,1.21725,0.159622,1.25676,-1.3742,0.00398593,
0.947864,-0.171731,0.256605,0.21483,-0.601516,0.740371,-0.260006,0.824084,-0.431609,-0.26362,
0.403118,0.170367,0.197199,0.471645,0.0823288,1.50618,-1.03523,0.963713,-1.0241,-0.695963,
0.393719,-0.297103,0.890025,0.0053053,-0.109148,1.17244,-0.412017,0.695255,-1.08282,-0.501107,
3.06738,0.618378,-0.0407573,0.0375296,1.17871,0.593568,0.112881,0.605036,-0.494152,-0.70167,
0.70059,-0.456799,0.686762,-0.230456,-0.755689,0.785924,-0.115296,0.822801,-0.691741,-0.192443,
0.585534,-0.536147,0.411979,0.00407144,-0.240524,0.716185,0.0662017,0.795123,-0.564287,-0.763942,
0.189092,-0.642231,0.696919,-0.25953,0.452386,1.23147,-0.10116,0.511012,-1.03957,-0.0786079,
1.12992,-0.492407,0.925907,1.2392,0.829815,0.785545,0.0733907,0.515718,-0.71715,-0.668627,
1.14451,-0.307665,0.317205,0.469452,0.128215,1.01726,0.410827,0.820933,-1.14179,-0.183174,
0.470313,-0.517951,0.578806,0.112276,0.489525,0.980137,-0.485118,0.955314,-1.04245,-0.178076,
0.59184,-0.980153,0.471883,0.153298,0.354536,0.859285,0.000848399,1.32064,-0.72254,-0.572991,
0.680717,-0.820484,0.0242716,-0.387514,-0.0759611,1.12618,0.140035,1.07273,-0.947224,-0.176793,
0.158693,-0.627978,0.261883,-0.416601,-0.145229,1.01083,-0.0188879,1.1438,-0.72478,0.161044,
0.26769,-0.376944,0.816497,0.30665,0.444843,0.990232,-0.061166,1.18801,-0.735992,-0.26701,
-0.0170102,-0.414608,0.131587,-1.22558,0.711089,1.57505,0.624612,0.621898,-0.558846,-0.424556,
-0.109076,0.296691,0.423365,-0.964469,0.112629,0.959837,-0.349825,1.02236,-1.26904,-0.196453,
0.621025,-0.471691,0.692358,0.251601,0.233771,0.249891,-0.351725,0.670313,-1.26219,0.0708401,
1.05857,-0.492534,0.0773803,-0.304598,0.587066,1.10589,0.159026,1.15407,-1.02433,-0.323319,
0.761766,-0.431091,0.66083,0.0222621,0.210502,0.447896,0.155337,1.17976,-0.936768,-0.541864,
0.92626,-0.680033,0.555883,-0.31248,-0.69346,0.655394,-0.43635,1.23014,-0.621538,-0.22565,
0.224386,-0.393687,0.827009,0.0245185,0.198135,0.159769,-0.115965,1.11469,-1.0356,-0.187812,
0.635144,-0.31888,0.820588,0.272286,-0.183184,0.886332,-0.395475,1.17981,-1.02171,-0.362082,
1.09577,-0.568473,0.561018,0.0324764,0.120996,0.62652,-0.180053,1.1415,-0.784609,-0.326237,
0.467433,-0.870252,0.671586,-0.864571,0.00605429,1.19791,-0.441572,0.691242,-1.12888,0.412022,
0.0815469,-0.887327,0.542784,-0.654702,-0.244065,0.863099,-0.0262092,1.59311,-1.19043,-0.520406,
0.354152,-0.611474,0.143623,-0.0931291,0.198597,1.48896,-0.0793081,1.25294,-1.01446,-0.744142,
0.728485,-0.573427,0.109155,0.385614,-0.0731189,0.0546492,0.0404477,1.3223,-0.451247,-0.130436,
0.724291,-1.02177,0.47531,-0.516252,1.06121,0.640232,0.0637658,0.694541,-0.843153,-0.264292,
0.570836,-0.345883,0.353466,-0.723975,0.324101,0.924514,-0.169294,0.775652,-0.989874,0.13713,
0.170895,-0.404435,0.763188,0.0352165,0.640902,0.956687,0.116302,0.862109,-1.22921,0.118779,
0.787394,-0.63795,0.249339,0.556778,0.491503,0.731907,0.333882,1.28724,-0.666528,-0.632432,
0.721222,-0.1651,0.796052,0.143736,0.0631444,0.32455,-0.506968,1.11306,-0.877379,-0.290435,
0.786971,-0.149368,0.417954,-0.39649,-0.0752099,0.856187,-0.689014,1.30592,-1.07591,-0.614327,
0.89334,-0.539224,0.393916,-0.587351,0.425804,0.443967,0.284721,0.720346,-0.996444,0.921748,
0.534439,-0.579905,0.752965,-0.615753,0.945798,0.651844,-0.0871877,1.40388,-0.629899,-0.267456,
0.670834,-0.388065,0.597187,0.0444892,0.473381,0.953407,0.00662316,1.06941,-0.788513,0.0503071,
0.139626,-0.537912,0.0865809,-0.406888,0.258963,0.839741,0.465394,0.960565,-1.23492,-0.230651,
0.904465,-0.165032,0.262281,-0.415878,0.00840535,0.938393,0.569807,1.45647,-0.634605,-1.39053,
0.112016,-0.701905,0.35295,-0.769433,1.05663,0.658802,0.245414,0.782259,-1.23,-0.242075,
0.759546,-0.521506,0.508211,-0.0683484,-0.256562,0.717007,-0.0808959,1.15696,-0.603628,0.0479217,
0.412548,-0.503934,0.946141,-0.637895,0.858853,0.727225,-0.120381,0.652551,-1.4403,-0.640154,
-0.0558832,-0.982771,0.847859,-0.51825,0.678297,0.909936,0.407298,1.35016,-0.275347,-0.0914566,
0.0525813,-0.834811,0.513056,-0.356234,0.726189,1.074,-0.3025,0.488469,-1.09963,-0.401656,
0.56273,-0.419421,0.643415,-0.147116,-0.0223804,0.721999,0.736875,1.10853,-0.757904,-0.329433,
0.427095,-0.334848,0.212539,-0.504933,0.473796,1.64942,-0.0258571,0.986134,-0.844212,-0.250376,
0.642498,-0.768494,0.478058,-0.0271067,0.0226983,0.941274,0.334227,0.832517,-0.811995,-0.341104,
0.654633,-0.61362,0.316024,-0.148566,0.148865,0.467435,-0.0830618,1.08757,-1.03242,-0.608851,
0.373462,-0.578362,0.475629,0.417814,0.603242,0.813995,0.59287,0.749258,-0.9946,-0.434008,
0.861002,-0.267069,0.403394,1.10751,0.771075,0.51497,-0.223755,1.10698,-0.749017,-1.08404,
0.834443,-0.488584,-0.0918134,0.148306,0.524923,1.21288,0.114817,1.1865,-0.944104,-0.161581,
0.331602,-0.603015,0.48205,0.0041252,0.681595,1.17441,0.287605,1.06185,-0.559305,-0.307742,
0.413588,-0.321418,0.369421,-0.113644,-0.0542323,1.33783,-0.0453921,0.650035,-1.03693,-0.107356,
0.806081,-0.250174,0.722454,0.816581,0.621604,1.13365,-0.146638,0.793601,-1.11558,-1.04835,
0.792318,0.273668,-0.0372633,0.144055,-0.157495,1.67056,-0.305934,1.00684,-0.660969,-0.239133,
0.797114,-0.176803,0.505081,-0.282007,-0.168619,0.814237,-0.364545,1.33252,-1.44295,-0.0528699,
0.242494,-6.75705e-05,0.438752,0.205831,0.851911,1.54749,0.400176,1.42557,-0.861802,-0.408649,
0.223561,-0.330952,0.38589,0.409678,0.00182181,0.577566,-0.30555,1.84185,-0.901422,0.308997,
0.380345,-0.688264,0.422686,-0.385015,0.277112,1.10367,0.181887,0.924281,-1.10113,-0.400693,
1.01588,-0.177223,0.444749,0.196711,0.0371771,1.00016,0.116558,0.987104,-0.381339,-0.0262594,
0.345903,-0.679623,0.419082,-0.810792,0.845252,1.27872,0.146611,1.4324,-0.596392,-0.24817,
0.985875,-0.55128,0.0944555,0.393083,0.714792,0.976242,0.057938,0.601369,-1.40311,0.236659,
0.479644,-0.666031,0.990609,-0.0531073,-0.31724,1.36336,0.0720259,1.30309,-0.488831,0.151231,
0.0944207,-1.14697,0.5144,0.288412,-0.046251,1.01974,-0.131349,0.732581,-1.33469,-0.58051,
0.486371,-0.702208,0.111655,-0.148446,0.367757,0.899741,0.68192,1.47059,-0.468222,-0.194317,
0.57364,-0.62803,1.2748,-0.216876,-0.102256,0.498919,-0.471934,0.420783,-1.51338,-0.557518,
0.750165,-0.626275,0.0865016,0.427122,-0.133471,0.8468,-0.458224,1.24464,-0.13375,0.699836,
1.01025,-0.528315,0.538548,0.28315,-0.334204,0.50768,-0.0778966,0.725088,-0.750464,-0.396221,
0.320938,-0.322058,0.24176,0.137172,0.176573,0.900861,0.0657796,0.789693,-0.87293,-0.324462,
0.925383,-0.391604,0.62486,-0.32667,0.0714709,0.717724,-0.0567899,0.767638,-0.960884,0.0674214,
0.574951,-1.34105,0.631303,-0.0564018,0.248998,0.283248,-0.0578743,0.737964,-0.485533,0.00601812,
0.663193,-0.396607,0.44415,-0.313991,0.105126,0.397473,0.10101,0.991369,-0.827518,0.282999,
0.632155,-0.198239,0.4224,0.143286,0.543178,1.07508,0.380771,1.11885,-0.73413,-0.292479,
0.233588,-0.412761,0.47732,-0.665502,-0.0423262,0.958995,0.14288,0.881016,-0.418213,0.430066,
0.774569,-0.497806,0.342084,-0.580377,0.420935,1.26484,0.0700648,0.828057,-0.701292,-0.122189,
0.807867,-0.17741,1.05168,0.775576,-0.253303,0.853866,-0.554941,1.20666,-0.557802,-0.212454,
0.952886,-0.0669937,0.198078,0.193081,0.120951,0.555616,-0.0950108,1.21997,-0.646753,-1.13072,
0.722473,-0.341496,0.279281,-0.0789333,-0.322186,0.555256,0.116924,0.939213,-0.846629,0.267374,
0.782096,-0.593736,-0.219381,0.00960542,-0.747039,0.840452,0.38285,1.0246,-0.813475,-0.025528,
0.811296,-0.436049,0.598374,0.219568,0.257713,0.895076,-0.421104,1.08194,-0.958653,-1.09013,
-0.107178,-0.682251,0.51217,-0.161456,0.725867,0.85452,0.0629334,0.780777,-0.990137,0.20036,
-0.155211,-1.48448,0.673815,-1.00637,0.521152,0.711355,-0.469102,1.02265,-0.822735,-0.54653,
0.122428,-0.638937,0.731228,-0.0320365,0.163922,0.908205,0.0574931,0.903714,-0.805682,-0.466962,
0.549594,-0.948001,0.472682,-0.0463478,-0.0796355,0.938105,-0.406315,1.01329,-1.27439,-0.614469,
0.530339,-0.660368,0.775092,-0.564259,0.376259,1.3433,-0.561051,1.14445,-1.15758,-0.259431,
0.773916,-0.465893,-0.223707,0.0265833,0.255491,1.68698,0.144312,0.899739,-1.30895,-0.963768,
1.12443,-0.4594,-0.00266769,-0.125419,0.209818,0.514712,0.164302,1.07609,-0.773123,0.0498799,
0.510818,-0.769963,0.426623,0.1154,0.749591,0.855767,0.54416,1.16932,-0.62048,0.601283,
0.517382,-0.710016,0.0890292,-0.57781,0.149503,1.41191,0.103995,1.64468,-0.135566,-0.652763,
-0.0163527,-0.18461,0.524533,-0.815163,0.758232,1.0473,0.6184,1.05188,-0.845672,-0.108965,
-0.0391341,-0.485164,0.702751,-0.219852,0.0853344,0.946013,-0.455204,0.608882,-0.987171,-0.572641,
1.36973,-0.809267,0.769733,1.1278,0.876633,0.59065,-0.526816,1.00623,-0.147861,-0.18037,
0.430966,-0.171099,0.170259,0.130116,-0.118291,1.75296,-0.408279,0.748184,-0.842137,-0.726599,
0.691652,0.434772,0.815852,1.29335,-0.0253635,1.12155,-0.867261,0.748257,-1.15124,-0.291474,
1.10237,-0.159377,0.737889,-0.618682,0.64807,0.856319,-0.305307,1.04189,-0.673008,-0.483255,
0.330638,-0.508761,-0.0346078,-0.302795,0.217446,0.919558,0.412347,0.584013,-0.686821,0.41015,
1.1413,0.197246,1.27135,-0.0459997,0.288627,0.970341,-0.420775,1.60251,-0.429576,-0.94238,
0.571125,-0.581633,0.33453,-0.151446,-0.211975,0.760594,0.577716,1.27308,-0.846329,0.135719,
0.108504,-0.581216,0.564434,-0.54796,0.460109,0.992788,0.335738,0.806123,-0.713247,-0.353914,
0.512566,-0.163791,0.318241,0.0805113,0.0709955,0.672117,-0.0226846,0.954026,-1.0078,0.0736254,
1.27638,-0.700426,0.592963,0.545225,-0.0235169,0.596202,-0.310381,0.755204,-0.316851,-0.224749,
0.536683,-0.63055,0.659896,-0.243279,0.137528,0.982914,-0.0287756,1.08391,-0.683842,-0.275003,
0.609374,-0.670622,0.123221,-0.519773,0.554232,0.93936,0.425195,1.09726,-0.983456,-0.153035,
0.745166,-0.538264,0.990655,0.331528,-0.320538,1.18844,-1.00753,0.861399,-0.854491,-1.06436,
0.487994,-0.710284,0.639752,0.0896539,0.443447,1.04599,0.138119,0.882821,-1.12207,-0.645813,
0.543182,-0.632308,0.365583,-0.367058,0.0371317,0.74243,0.0340823,1.1757,-0.980127,-0.446467,
0.629306,-0.460722,0.301631,-0.192886,-0.158114,1.00415,0.414943,0.984079,-0.618908,-0.147375,
1.83813,-0.142106,-0.395518,0.25254,0.188019,-0.0631155,-0.904745,0.945476,-1.11187,-1.05128,
0.458315,-0.61495,0.763995,-0.490969,0.271703,0.739318,0.0990797,1.24233,-0.673407,0.202032,
0.527374,-0.00989147,0.837009,0.185451,-0.312766,0.820889,-0.509162,1.41199,-0.522459,-0.34777,
0.657714,-0.745645,0.610006,0.373227,0.486812,1.03049,0.515417,1.17302,-0.478667,-0.51136,
0.088412,-0.797278,1.08378,0.224845,-0.0102928,0.939698,-0.597216,0.688182,-1.61551,-0.123082,
-0.0101022,-0.594652,-0.0395101,-0.144552,-0.434313,0.699786,0.0343257,1.23976,-1.18773,-0.222745,
0.63133,0.0465915,-0.171203,-0.0818808,-0.197531,1.04507,0.411517,1.39372,-0.854549,0.0606464,
0.320379,-0.521333,0.380929,0.0185612,0.675979,1.45799,-0.206142,0.564209,-1.22721,0.423153,
0.344215,-0.568039,0.463092,-0.281686,-0.312312,0.698308,0.404675,0.923214,-0.477448,0.140818,
0.672654,-0.535602,0.645427,-0.601532,-0.192728,0.616218,-0.118652,1.0915,-0.995384,0.0200784,
0.631036,-0.483017,0.115261,0.0185471,0.985654,1.40075,0.590658,0.882341,-1.12851,0.375834,
1.51256,-0.261722,0.300484,0.556385,0.754908,0.874861,0.154137,1.09585,-0.674998,-1.48084,
0.459028,-0.330881,0.279286,-0.418295,-0.217429,0.521402,0.469909,0.920394,-0.761617,-0.791419,
0.061224,-0.837863,0.985048,-0.522412,0.636604,0.753012,0.0739243,0.898102,-0.858354,-0.555819,
0.382671,-0.335133,0.428703,-0.403766,-0.242998,0.708934,0.3053,0.859029,-0.481231,-0.0748869,
-0.00910699,-0.517855,0.663434,-0.264622,0.770144,0.765394,0.3327,1.16874,-0.459878,-0.462547,
0.562999,-0.908318,0.786059,-0.417955,0.257297,1.28524,0.356807,0.737016,-0.908858,-0.849265,
0.683571,-0.382008,0.364877,-0.17095,0.937539,1.19227,0.00952196,1.18085,-0.865418,-0.565161,
1.43493,-0.27094,-0.0493134,-0.170848,0.0856436,-0.0636824,-0.971988,1.37366,-1.00559,-1.14172,
0.273809,-0.712129,1.01096,-0.830725,0.103723,0.868741,-0.167406,1.39866,-0.558192,-0.55582,
0.344638,-0.518635,0.290221,-0.212046,-0.548595,0.289434,0.468684,0.872849,-0.790611,0.0641657,
0.747382,-0.206278,0.369629,-0.0104197,-0.0607719,0.586992,-0.329792,1.31968,-0.974172,-0.522179,
0.441677,-0.486463,0.505996,0.171938,-0.0496267,0.226769,0.274489,1.1034,-0.725754,0.0830447,
0.67638,-0.410675,-0.198228,0.628685,-0.392922,0.701333,-0.409353,1.51707,-1.29219,-0.259075,
0.845341,-0.566142,0.343098,0.0549459,0.284093,1.19792,-0.227564,1.05051,-0.707504,0.0581278,
0.734791,-0.204013,0.186746,0.885697,-0.353274,0.314301,-0.740641,1.48571,-0.399222,-0.370765,
0.35058,0.115632,0.640094,-0.00925797,0.773259,1.70694,1.2163,0.611323,-0.670418,-0.567841,
1.1315,-0.825438,0.44484,0.80772,0.802341,0.276179,-0.120962,0.523087,-1.20381,-0.370048,
0.842409,-0.643236,0.207649,0.295832,-0.0499556,0.96661,0.0929896,1.29103,-0.77236,0.068148,
0.678916,-0.327972,0.116663,0.603181,-0.751417,0.768756,0.0194833,1.20569,-0.806177,-0.3933,
0.28285,-0.606643,0.202976,0.00676273,0.0697236,0.571529,-0.00366273,1.05905,-0.986219,0.0986919,
0.143365,-0.529958,0.183995,0.370053,0.346812,0.666583,0.0035678,1.20747,-0.734561,-0.23112,
0.732316,-0.565012,0.457207,-0.0808821,-0.327482,1.24469,-0.187975,1.22459,-0.914072,0.0813284,
0.632163,0.0641704,-0.885922,-0.0647625,-0.153966,1.14097,0.985111,1.39563,-2.04101,-0.048025,
0.922124,-0.19361,0.690078,0.539601,0.610462,0.409576,0.293317,1.1264,-0.724401,0.128692,
0.298896,-0.232777,0.381138,-0.844374,0.156144,0.778693,-0.233059,1.37541,-0.976098,-0.443157,
0.363829,-0.690917,0.908765,-0.620806,0.328193,0.715315,-0.0247792,0.858738,-0.934491,-0.178949,
1.0355,-0.505382,0.466172,0.540295,0.69131,0.558917,-0.380805,1.10032,-0.986079,-0.316738,
1.15547,0.380809,0.537949,-0.191894,-0.29611,-0.249328,0.1131,0.830429,-1.30883,0.183646,
0.264575,0.0731114,-0.444064,-0.54706,0.0923061,0.907681,0.125534,1.45536,-1.89357,-0.307445,
1.11423,0.0849101,0.549055,0.257406,0.244738,-0.190548,-0.0529305,0.822097,-0.420203,-0.108982,
0.621207,-0.157866,0.577657,0.361999,0.536616,0.518241,0.0563591,1.09892,-1.08786,-0.0463846,
0.572441,-0.148125,0.551114,0.135666,0.519267,1.31456,0.542086,0.597569,-0.869905,-0.715638,
0.338885,-0.119513,0.283775,-0.383074,0.515186,1.50114,0.265806,1.51214,-0.363486,-0.227177,
0.713928,-0.434403,0.490997,-0.102569,0.173505,1.03722,0.468892,1.29611,-0.541972,-0.223216,
0.511461,-0.395952,-0.0392401,1.10283,0.0398743,1.4051,0.317701,0.983015,-0.729792,-1.29647,
0.854716,-0.201218,0.210492,-0.492467,1.01376,0.724444,0.00848556,1.08548,-1.15352,0.171344,
0.952704,-0.152199,0.0492361,0.0541511,0.375315,0.990835,0.0368299,1.02103,-1.23864,-0.660613,
0.387981,-0.265097,1.04702,-0.331196,0.810962,1.73097,0.139297,1.15877,-0.0993654,0.0112442,
0.832827,-0.51621,0.613572,0.0631465,-0.220946,0.317307,-0.233355,0.781736,-1.10992,-0.215688,
0.499836,-0.485126,0.246956,-0.0945266,-0.234135,0.712566,0.0354343,1.28029,-0.547135,0.194327,
0.445625,-0.597102,0.259041,-0.487203,0.260247,0.977989,0.106434,0.877683,-1.11739,-0.287283,
0.643367,-0.688113,-0.101334,0.231457,0.66379,1.09958,0.638963,1.19539,-0.564545,-0.998129,
0.363685,-0.493812,0.59291,-0.273693,0.660973,0.267772,0.325808,0.923357,-1.06159,-0.382497,
0.522372,-0.501056,0.604196,0.0153264,0.153153,0.891317,0.108652,1.52104,-0.653082,0.0557812,
0.887603,-0.453142,0.515924,-0.219456,0.25915,1.0672,0.715569,0.763876,-0.603029,-0.868214,
0.245418,-0.642463,0.557185,1.1964,0.520014,0.538859,-0.0076856,1.79195,-0.30968,-0.0935583,
0.128005,-0.489031,0.573165,-0.0765929,0.906772,0.760762,0.0235204,0.938025,-1.0421,0.0664741,
0.335241,-0.993058,-0.194071,-0.700954,0.127895,0.741588,0.297087,0.81777,-1.05177,0.0131847,
0.494966,0.185694,0.791798,0.478027,0.202834,1.29479,-0.545048,1.71686,-0.807274,-0.537421,
0.0315006,0.10718,1.43779,-0.534238,0.220017,1.17922,0.152241,1.36175,0.0214669,-0.434884,
0.247579,-0.329357,0.264136,0.595705,0.197491,0.568652,0.0177828,0.520092,-1.02364,-0.00730455,
0.863957,-0.0212696,0.319383,-0.289366,0.41333,0.812235,-0.581407,1.14745,-0.773692,-0.0447116,
-0.374877,-0.0576731,0.196818,-0.268757,0.300726,1.35882,0.6704,1.26723,-0.910367,0.0899769,
0.838764,-0.301343,0.238886,-0.000173537,-0.112207,0.648652,-0.0240477,0.624259,-0.593252,0.10682,
0.590442,-0.21938,0.950418,-0.376099,-0.131209,-0.196956,0.453406,0.758066,-1.07203,0.807498,
0.662717,0.167434,0.423543,0.279922,0.466204,0.959248,0.423639,1.22953,-0.65233,-0.721539,
0.618895,-0.364339,0.252565,0.678145,1.02248,0.672232,0.565101,1.0447,-0.742843,-0.858883,
0.231361,-0.207729,0.711819,-0.0481943,1.00385,1.07771,0.00386203,0.955994,-0.657674,-0.349799,
0.679615,-0.741438,0.619346,0.0813499,0.309495,1.11478,0.323019,1.25794,-0.743046,-0.330333,
0.433636,-0.439206,0.438054,0.469966,0.101043,0.924686,0.130361,1.1618,-0.336244,-0.48668,
0.891339,-0.990594,-0.25346,0.217971,0.326054,0.837518,0.0437982,1.32367,-0.381914,0.0277889,
0.721683,-0.505742,0.511599,-0.260395,0.529774,1.02172,-0.112925,1.12835,-1.08935,-1.09301,
0.377196,-0.127454,0.544378,-0.54976,0.713878,1.3007,0.0650917,0.83839,-0.989984,-0.585101,
0.352314,-0.554156,0.634415,0.309114,0.655875,1.08517,-0.0670791,0.950786,-0.791788,-0.286133,
0.487112,-0.747128,0.65826,-0.735684,0.334304,0.260901,0.174941,1.0197,-1.44932,-0.608606,
0.741116,-0.55261,0.375771,-0.0668602,-0.381744,0.595149,-0.127738,0.846304,-0.863076,-0.677237,
0.226556,-0.69427,0.294938,-0.308589,0.5649,0.64463,-0.0252743,1.04252,-1.07218,-0.346387,
0.357441,-0.570763,0.161444,-0.605367,0.556005,1.34376,0.067158,0.618775,-1.34519,0.154569,
0.832114,-0.227326,0.40386,-0.274641,-0.364657,0.702447,0.204317,1.01368,-0.876102,0.293179,
0.131679,-0.839261,0.727691,-0.388573,-0.46977,1.13629,-0.426301,1.23215,-0.779126,-0.727341,
0.433801,-0.701926,0.509835,0.249439,-0.479438,0.276623,0.340451,0.834999,-1.80342,-0.362043,
1.05146,0.0724888,0.801418,0.894291,0.263392,0.820688,0.0190866,0.426754,-0.913888,-0.292586,
1.06872,-0.157522,0.149016,1.21487,0.534846,0.391362,-0.0271406,1.30252,-0.470702,-0.30195,
0.446295,-0.704876,0.836089,0.22183,0.697303,0.881171,0.355706,1.13264,-0.813481,-0.341775,
0.597687,-0.633503,0.322495,-0.206261,-0.112834,0.709597,-0.0982657,0.978341,-1.28405,0.491161,
0.479555,-0.460113,0.373196,-0.460045,0.749331,1.05484,0.464396,1.08193,-0.712076,-0.438451,
1.34974,0.057679,0.211023,-0.202119,-0.24237,0.343267,0.573168,0.96487,-0.450355,0.057909,
0.622606,0.396449,0.17299,-0.518509,-0.463334,1.39584,0.480342,0.33629,-0.610886,0.132771,
1.53411,-0.372434,-0.185942,0.501318,0.375151,0.882465,0.27333,1.3857,-0.549621,-0.37385,
0.889139,-0.374036,-0.0921808,0.348495,-0.197571,0.545783,-0.244764,1.2759,-0.684208,-0.330895,
0.142485,-1.08154,0.305503,-0.0232306,0.364838,1.52532,0.116601,0.890608,-0.629576,-0.320572,
0.707259,-0.209399,0.227715,0.0285023,0.0963878,1.29027,0.443627,1.69567,-0.592823,-0.83461,
-0.0145666,-0.339426,0.431789,0.46621,0.966136,1.29129,0.658519,1.06465,-0.37312,-0.0850317,
0.148194,-0.636135,0.693472,-0.203481,0.668567,1.27507,0.545738,0.915195,-0.799011,-0.33522,
0.361138,-0.314391,-0.158953,0.41877,-0.533244,1.14101,0.666003,1.77013,-0.488243,-0.13687,
0.163213,-0.849197,0.513419,0.149682,0.368791,1.20317,0.10878,1.07767,-0.688114,-0.168816,
0.904042,-0.338307,0.180191,-0.0678679,-0.375761,0.636778,-0.189668,1.09258,-0.681754,-0.278914,
-0.37207,-0.0195457,0.36562,-1.24331,1.74803,1.09011,0.0203669,1.29077,-1.00426,-0.224786,
0.837998,-0.179866,0.237967,-0.583084,-0.217609,0.681149,0.162347,1.02586,-1.03723,0.4273,
0.628534,-0.48484,0.426822,-0.167507,-0.230821,0.48307,0.399468,0.819715,-1.0352,0.01539,
1.20879,-0.367629,0.0672095,-0.0943174,-0.0568275,1.06761,-0.0399285,1.6342,-0.446182,-0.133254,
0.504796,-0.666472,0.0865584,-0.187693,0.564502,1.19108,0.279406,1.26488,-0.321841,-0.452264,
1.12228,-0.348137,0.0643265,-1.26178,1.00556,0.873207,-0.184315,1.14571,-0.825485,-0.538956,
1.23383,-0.0401656,-0.00368999,0.220539,0.181611,0.687833,-0.447946,0.649229,-1.05009,-0.46185,
0.292642,-0.149051,0.492193,-0.902828,0.953324,0.824009,-0.611186,1.2615,-1.01072,0.826508,
0.770349,-0.42564,0.518424,0.111099,0.554281,0.777792,0.308587,1.02929,-0.870789,-0.102863,
0.397369,-0.482554,0.962554,-0.827486,0.0118429,0.524245,-0.50082,0.710005,-1.10128,0.247095,
0.537764,-0.452626,0.371089,-0.736102,0.327767,1.28468,0.0722896,1.08951,-1.2353,-0.471268,
0.283124,-0.133951,0.140273,-0.249017,0.828061,1.02936,-0.246106,1.76657,-0.831435,-0.912394,
0.795379,-0.626272,0.886949,-0.219107,0.600245,0.682423,-0.0205289,1.11912,-0.678801,-0.545947,
0.81327,-0.601931,0.748536,-0.601168,0.127855,0.941974,0.10242,1.12722,-0.836652,-0.119656,
0.636013,-0.227161,0.340509,0.567049,0.756515,0.986147,-0.0261704,1.32505,-0.981638,-0.0129784,
0.519016,-0.536426,0.382025,1.37358,0.280425,0.65177,0.28225,1.09758,-0.636098,-0.394138,
0.468563,-0.34387,1.31234,-0.891104,-0.391554,0.215986,-0.0870417,1.06449,-0.505402,-0.073314,
1.2565,-0.0550243,0.262771,0.108925,0.506283,1.48373,-0.380002,1.00034,-0.940767,-1.16177,
0.416517,-0.770982,0.288602,-0.493024,0.366183,1.36067,-0.00310442,1.26584,-0.590008,-0.167423,
1.09762,-0.421105,0.161343,0.652541,-0.576083,0.892866,0.335199,0.746651,-0.613715,-0.0957451,
0.46383,-0.476385,0.631967,-0.181575,0.277508,1.05684,0.035514,0.912107,-1.12059,-0.523128,
0.36214,-0.467872,0.606448,0.447172,-0.829503,1.29507,-0.283168,1.58814,-0.0158033,-0.352418,
0.864265,-0.0412174,0.34852,-0.140905,-0.698253,1.07436,-0.492373,1.34418,-0.749219,-0.829126,
0.719074,0.083486,-0.109119,-0.218405,0.326261,1.19057,0.126484,1.1801,-0.724774,-0.2573,
0.500112,-0.481913,0.207276,0.343566,1.10239,0.848367,0.365519,1.27764,-0.980209,-0.171776,
0.760395,-0.655234,1.17984,-0.428669,0.83067,1.19045,-0.219945,0.920154,-0.792812,0.0106643,
0.870032,-0.32442,0.779105,0.0019415,-0.892671,0.334611,0.0549249,0.870524,-1.08483,-0.742379,
0.57368,-0.623334,0.439167,-0.456419,0.378853,0.535984,0.308278,0.982327,-0.428791,0.228103,
0.395321,-0.835452,0.617757,-0.480366,0.409925,1.15957,-0.254712,1.16296,-1.02924,-0.56362,
0.112148,-0.661713,0.655788,-0.380967,0.336575,1.08017,0.00830374,1.00754,-0.826245,0.112865,
-0.410868,-0.857984,0.419108,-1.31643,0.851591,1.26798,0.650683,1.13283,-0.0297609,-0.353094,
0.561935,0.447382,0.1576,-0.62055,0.809524,1.35462,-0.346783,1.19537,-1.82083,-0.995479,
0.157994,-0.507269,0.570884,0.338837,0.49758,0.7999,0.870996,0.972159,-1.26402,-0.151325,
0.346605,-0.823356,0.796885,-0.372313,0.441156,0.733205,0.269639,0.951873,-1.18301,-0.409928,
0.463814,-0.580738,0.428819,-0.337541,-0.216873,0.937323,0.107943,1.03497,-0.441251,-0.12352,
0.90626,-0.739951,0.405452,-0.173535,0.410062,0.830961,0.270019,1.15821,-1.20956,-0.0600921,
0.480897,-0.241966,0.640179,0.374556,0.0629365,0.807492,-0.26868,1.01892,-0.602239,-0.303453,
0.587576,-0.569843,1.13949,-0.487832,0.535655,0.959627,-0.143092,1.09615,-0.902705,-0.00955244,
0.898368,-0.409607,0.492327,-0.509577,-0.0950613,0.674769,0.44342,0.869473,-0.960917,-0.577172,
0.984623,-0.280121,0.617099,-0.308248,0.398536,0.980635,0.0511207,1.1246,-0.709861,-0.102266,
0.380002,-0.412442,0.504112,-0.0730893,0.545095,2.60334,-1.7027,-0.693928,-0.742018,-1.93396,
0.764261,0.748798,0.0505556,-0.566575,0.407679,1.94442,0.0362428,0.995027,-1.12127,-0.613668,
0.733858,0.0764018,0.0097162,0.00790271,-0.742945,0.880367,-0.155004,0.820784,-0.949563,0.302727,
0.565299,-0.664229,0.587869,-0.236513,-0.0212743,0.806058,-0.264757,0.911554,-0.71738,0.499334,
0.781857,-0.89478,0.743818,-0.117717,0.468318,1.21519,-0.223903,1.01741,-0.65886,-0.780912,
0.322919,-0.438957,0.230819,-0.282317,-0.154207,0.918682,-0.183082,1.21669,-0.844163,-0.00428936,
0.734666,-0.272987,1.04027,-0.419845,-0.00971306,0.800639,-0.36108,0.846172,-0.877903,0.0118708,
0.348002,0.692132,-0.189857,0.10231,0.186585,1.7784,-0.535639,1.68422,-1.29638,0.62136,
0.505418,-0.601546,1.10471,-0.147767,-0.102298,1.3005,-0.0658329,0.755913,-1.14574,-0.41161,
0.345844,-0.127146,0.444706,-0.374159,0.00567411,0.0175537,0.501864,1.90555,-0.953355,-0.403509,
0.667666,-0.462282,0.508104,0.17392,-0.31187,0.69448,-0.545319,0.503081,-0.788098,-0.423388,
1.01422,0.0559538,0.438295,0.892259,0.458154,0.655893,-0.226822,0.923906,-0.859432,0.120499,
0.638389,-0.770704,0.838443,-0.479838,0.24062,1.1936,-0.0396171,1.15328,-0.827731,-0.815355,
0.399792,-0.485551,0.870103,-0.314562,0.502782,1.15566,0.0863298,1.12071,-0.973438,-0.578768,
0.0547627,-0.547723,0.787684,-0.387996,0.998125,0.631739,0.377016,1.05554,-0.802147,-0.0913229,
0.882027,-0.295186,0.956104,-0.458642,0.264253,0.720317,-0.402066,1.16731,-0.839851,-0.104374,
0.946274,-0.652215,-0.180927,-0.0341762,0.113577,1.86964,0.0735637,1.16194,-0.898895,-0.816072,
-0.0476578,-0.799283,0.109744,0.360247,0.654423,0.97051,0.709439,1.39703,-1.43941,-0.103141,
0.869705,-0.557322,0.267175,-0.640663,0.246425,0.859358,0.355036,1.03084,-0.836233,0.117687,
0.716106,-0.399183,0.792211,0.354336,0.543898,0.834068,0.219885,1.18754,-0.710326,-0.606137,
0.424607,-0.377776,0.0637008,-0.519265,0.70809,1.05931,-0.143252,1.16992,-0.868341,-0.562523,
0.63882,0.167161,0.634571,-0.199416,-0.513984,1.02816,0.0947874,0.917116,-1.1555,-0.936499,
0.794601,-0.438274,1.08572,0.247544,0.0838111,1.05438,-0.593475,0.832657,-0.653866,-0.431754,
0.295734,-0.00507168,0.0425913,-0.20536,-0.017426,0.713382,-0.535592,0.803966,-0.666606,0.196742,
0.521488,-0.709525,1.35247,-0.612998,0.664845,0.71785,0.505395,1.21999,-0.682527,-0.113603,
0.933211,-0.127149,0.5853,0.366216,0.209153,0.42054,-0.46137,1.02114,-0.834443,-0.463883,
0.267886,-0.662565,-0.142645,-0.246991,0.64115,1.34627,-0.0786285,1.16688,-0.601917,0.483227,
0.496698,-0.524637,0.443609,-0.500734,0.184298,1.057,0.438493,0.847948,-1.03399,-0.023122,
0.416857,-0.715173,0.428672,0.0801548,0.735235,1.34118,-0.243137,0.494266,-1.22948,0.110019,
0.516861,-0.4487,0.817661,-0.575337,0.353031,1.46148,-0.316757,0.847722,-0.625499,-0.939228,
0.813084,-0.522504,0.460492,0.132616,-0.479716,0.867115,-0.0948407,1.04539,-0.418861,-0.24753,
0.347204,-0.530632,0.289301,-0.195442,0.493871,1.1239,0.431813,1.21689,-1.02676,0.0205563,
0.351428,0.0256209,0.424012,0.689124,0.103423,1.12326,-0.0152555,1.36826,-1.18166,-0.414694,
-0.229056,0.2804,0.395271,0.185058,0.639471,1.80498,0.147495,1.93519,-0.573318,-0.0765801,
-0.219393,-0.446138,0.860477,0.439035,0.307114,1.02785,-0.0558891,1.42066,-0.724745,-0.629966,
0.911942,0.682858,1.262,0.996398,-0.0680671,0.64559,-0.575863,2.02361,-0.0790263,-1.12983,
0.635721,-0.801709,0.420645,-0.739774,0.411515,1.1772,0.316211,0.857207,-0.804695,-0.234717,
0.568387,-0.27115,-0.871544,-0.181623,0.314683,1.22546,1.28649,0.652497,-1.24237,-0.267362,
0.38813,-0.278953,0.482723,0.229841,-0.343214,0.710704,-0.26408,1.04862,-1.16009,0.171091,
0.900379,0.390148,0.28113,-0.0890744,0.546278,0.719001,0.260266,1.66296,-0.887351,-0.527237,
0.688251,-0.369608,0.231985,0.126703,-0.280975,0.784814,-0.233544,0.947897,-0.954685,-0.222143,
0.655523,-0.228687,0.632841,-0.0306908,0.130778,0.821058,-0.752313,0.818908,-1.47192,-0.886536,
0.378307,-0.293725,0.588257,0.00336982,0.597815,1.45348,0.376932,0.830312,-0.494625,-0.185977,
0.191732,-0.855166,0.621696,-0.390716,0.568683,0.609021,0.364544,1.23318,-0.798151,-0.637323,
0.448689,-0.539312,0.894401,-0.28357,0.611864,0.483653,0.181673,1.17216,-0.932289,-0.326738,
1.19636,-0.237433,0.85161,-0.458771,-0.360627,1.09247,-0.0745378,0.880251,-1.21517,-0.435225,
-0.590472,-1.08492,0.206726,0.025148,0.817254,1.31135,0.594302,0.869661,-0.756048,-0.117097,
0.481802,-0.706284,0.507078,0.978065,0.976687,0.947657,-0.516341,0.973685,-0.270804,-0.187662,
0.302597,-0.0440915,0.862178,-0.42681,0.522229,1.402,0.325033,1.02816,-0.32735,-0.438633,
0.627845,-0.621612,-0.0251668,0.215951,0.401441,0.613825,0.0374905,1.67576,-0.687109,-0.318034,
0.417939,-0.705067,0.147093,-0.178223,0.174215,0.73773,0.338739,1.11578,-0.842963,-0.0526584,
1.31091,-0.337621,0.235247,0.34803,0.165258,1.40053,-0.0344148,1.32462,-0.821068,-0.661802,
0.713828,-0.41972,-0.0595324,-0.857957,-0.323331,0.963892,0.010588,1.46839,-0.662491,-0.589278,
0.862196,-0.204807,1.08439,0.0962492,0.00774145,1.08656,-0.553212,1.16064,-0.987991,-0.86023,
1.03133,-0.685865,0.104639,0.627872,0.311864,0.662686,0.0438964,1.07997,-0.7383,-0.164812,
0.131716,-0.57921,0.289693,-0.397208,0.421299,1.25293,0.0843776,1.04836,-0.972763,-0.387363,
0.173154,-0.211243,0.422629,-0.153902,-0.925042,0.848866,-0.295245,1.23876,-0.775891,-0.314287,
0.726939,-0.588876,0.965359,-0.500367,0.772798,-0.352858,-0.100354,1.15176,-1.06843,-0.456445,
0.80507,0.0734704,0.63365,0.435002,0.410697,1.10395,0.140326,0.891143,-1.38191,-0.280946,
-0.213528,-0.760169,-0.0217886,-0.214076,0.289981,1.33044,0.521321,1.36811,-0.761126,-0.221543,
0.218359,-0.55601,0.485376,-0.740506,0.771414,1.33383,0.0958669,1.32157,-0.787196,-0.208046,
1.49438,0.191428,0.704973,0.711544,0.626294,0.802005,-0.164483,0.898894,-0.613801,-0.249716,
0.454575,-0.24969,0.334789,-0.070869,-0.594,0.994036,0.447471,1.19705,-1.23719,-0.363755,
0.216163,0.0261784,1.57349,-0.501192,0.25736,1.88979,0.411567,0.517306,-0.517811,0.20301,
0.493551,-1.13017,0.520793,-0.551685,0.447258,1.30278,0.160669,1.19737,-0.564787,-0.26377,
0.139889,-0.493466,0.638953,-0.304338,0.728,1.27427,-0.0488369,1.20943,-0.79221,-0.0030685,
0.672281,-0.636333,0.455171,-0.34528,0.635749,0.945449,0.356354,1.04734,-0.978647,-0.264836,
0.034715,-0.549188,0.852407,0.948483,0.060306,0.890733,-0.245999,0.769515,-1.24242,-0.506978,
0.0863227,-0.530275,1.06372,0.100525,0.110354,-0.228471,-0.385238,1.11682,-1.68336,-1.06987,
1.02918,-0.00329133,0.430782,0.0970149,-0.135245,0.79502,-0.668823,1.43474,-0.997668,-0.572009,
0.32663,-0.274422,0.114143,-0.516955,-0.106722,1.13246,0.308811,1.37324,-0.551477,-0.505275,
0.360055,-0.395102,0.97949,-0.257886,0.566526,1.22363,0.419498,1.09016,-0.631089,0.0822069,
1.22222,-0.400175,-0.434055,0.342808,-0.41672,1.0884,-0.356066,1.31356,-0.598312,-0.42174,
-0.133296,-0.235504,1.11145,0.393377,-0.0664248,0.566828,0.383764,1.45235,-0.817968,-0.191187,
0.788493,-0.598837,0.183906,-0.232785,-0.210317,0.234251,0.504988,1.05233,-0.878811,0.284198,
0.100033,-0.708679,-0.207944,-0.266474,0.43602,1.92092,0.0272447,0.971478,-0.488527,0.0849033,
0.863712,-0.0991637,0.445192,0.0174857,-0.373573,1.2732,-0.0885872,1.05976,-1.06062,-0.139238,
0.567456,-0.389449,0.203925,-0.00398158,-0.340498,0.109773,-0.300608,1.03311,-1.23638,0.0687353,
1.19525,-0.194127,0.692872,0.240699,0.171757,1.11125,-0.290151,1.04118,-1.30359,-0.46621,
0.69586,-0.309999,-0.315271,-0.5355,0.644003,1.67706,0.463451,0.959034,-0.127239,-0.597804,
0.923975,-0.592818,0.347318,-0.0440238,0.147252,0.829209,-0.400695,1.01923,-0.913692,-0.0340967,
0.453981,-0.740103,0.256696,-0.551732,0.509552,0.957425,0.322253,1.40737,-0.569751,-0.209646,
0.103409,-0.54308,0.597202,0.0258967,0.693941,1.28677,0.914276,1.05885,-0.773803,0.0244891,
0.595818,0.200396,-0.108757,-0.176761,-0.519009,0.214451,0.0359964,1.51775,-0.971026,0.284871,
0.705136,-1.11265,0.210275,-0.518586,0.648482,0.772859,-0.499114,-0.150479,-1.67394,-0.317136,
1.05112,-0.0249569,0.601325,-0.301068,-0.309622,0.809689,0.265166,1.01192,-0.470821,-0.28412,
0.295691,0.0430445,0.434886,-0.545092,0.402442,0.646737,0.164684,1.34243,-1.25913,-0.109145,
0.542534,-0.196817,0.869585,-0.634101,0.0466632,1.58366,-0.413654,1.28834,-0.717788,-0.644333,
0.737382,-0.288284,0.848002,-0.422565,0.265858,1.29054,-0.753789,1.00901,-1.10568,-0.29178,
0.625096,-0.53528,0.243819,-0.424366,0.436786,0.757112,-0.613121,0.797653,-1.17776,-0.0437242,
0.762029,-0.592828,0.465939,-0.104277,0.0195395,1.10144,-0.387685,1.08821,-0.877101,0.0505264,
0.2125,-0.137076,0.158074,0.0910524,0.435289,1.00412,0.208079,1.50814,-0.831449,-0.0533721,
0.599294,-0.367251,0.668073,0.472634,-0.159435,0.723062,0.144791,1.2837,-1.02509,-0.349107,
0.757757,0.290974,0.626015,-0.0276533,-0.0503229,1.25578,-0.223151,1.61197,-1.07927,-0.833998,
1.15743,-0.085532,-0.0384109,0.221107,0.73879,1.48265,-0.428626,0.494365,-1.31063,-0.0915124,
0.564301,-1.01825,1.10297,0.92936,-0.0269517,0.304416,0.646966,0.770557,-0.687135,-1.98992,
0.584099,-0.343518,0.860497,0.325935,0.359359,0.626337,-0.188952,1.39658,-0.776937,-0.26257,
0.62197,-0.40499,0.354867,-0.234005,0.38096,0.845492,0.225221,0.867943,-1.07329,-0.00325748,
0.793384,-0.176599,0.93761,0.0493382,0.572235,0.799073,-0.141172,0.870485,-1.15543,-0.161719,
0.616482,-0.507084,0.364674,0.0517557,0.320276,1.25841,0.234325,1.37103,-0.45597,-0.246149,
0.64709,-0.89781,0.761955,-0.0917361,0.560121,1.24663,0.486955,0.894955,-0.71726,-0.443289,
0.775745,-0.774932,0.144333,-0.381564,0.580316,0.801165,0.105853,1.06524,-0.382855,0.0929681,
0.293398,-0.612271,1.05497,-0.341358,0.669881,1.78941,0.273477,1.07681,-0.054166,0.0893303,
0.397999,-0.212345,0.92052,-0.476273,0.158117,1.65351,0.122596,0.563059,-0.313921,-1.05561,
0.422622,-0.483323,0.827582,-0.434767,0.758561,1.14134,0.477472,1.34504,-0.296279,-0.501513,
0.901591,-0.458305,0.172113,0.0175541,-0.242979,1.04348,-0.269971,1.2426,-0.689566,-0.236539,
-0.434726,-1.53702,0.872809,-0.658037,0.28139,2.11951,0.498167,0.413693,0.60839,-0.764768,
0.826686,-0.30643,0.355892,-0.0933058,-0.218627,0.964567,-0.0441414,0.905369,-1.07618,-0.269522,
-0.375203,-1.02371,0.992468,-0.836957,0.847269,1.07605,-0.731276,0.788161,-0.779465,0.211061,
1.09176,0.084179,0.655483,0.0461012,0.0155265,1.02061,-0.742509,1.11389,-1.01876,-0.626847,
-0.0312524,-0.258445,0.838479,-0.210133,0.646372,1.65021,0.181454,1.31314,-0.415435,-0.130369,
1.04427,-0.211698,0.170433,0.316283,0.225381,0.59803,0.369827,1.28468,-0.88567,-0.155693,
0.41158,-0.809086,0.455723,-0.41232,0.472393,0.936283,0.590822,0.902826,-0.904155,-0.666666,
0.322785,-0.89548,1.04049,0.0945298,0.428101,1.23047,0.732041,1.06438,-0.606143,-0.268356,
0.922448,0.226199,0.333565,0.464937,0.116202,1.1026,-0.669192,1.04681,-0.840708,-0.921256,
0.772441,-0.132217,0.761032,-0.126548,0.211464,1.34205,0.0220224,1.04915,-1.14247,-0.267848,
0.404213,-0.899947,0.452279,0.434549,0.625201,1.16768,0.0357634,1.25787,-0.64116,-0.148077,
0.837831,0.105326,0.309376,0.59359,0.0609236,0.845696,-0.497429,1.16664,-0.788105,-0.540943,
0.322764,-1.06236,1.07841,-0.30098,0.880246,0.650529,0.284498,0.975641,-0.718999,-0.247512,
0.752646,-0.308012,0.627946,0.394777,0.798697,0.487193,0.453464,1.17334,-0.908057,-0.0196394,
0.828963,-0.103545,-0.0212363,-0.0689583,-0.0901009,1.4743,-0.0523879,0.887446,-0.565846,-0.619818,
0.726033,-0.297073,0.484669,-0.222295,-0.168787,0.483684,-0.25994,1.26741,-0.679517,0.03544,
0.575698,-0.157701,-0.467897,0.653591,0.403141,0.789543,0.712652,1.28591,-0.795364,-0.17191,
0.822677,-0.500156,0.732003,0.0995602,0.498291,0.90099,0.32594,1.31378,-0.571409,-0.132021,
1.15053,-0.383202,0.291898,0.327244,-0.573932,0.911346,0.0743734,0.942797,-1.08923,0.205347,
0.940676,-0.32622,0.768793,0.606563,-0.263112,0.76191,0.0355381,0.326875,-1.11748,-0.441854,
2.53118,-0.389723,2.33602,-0.13262,-0.824666,-0.760968,1.417,0.177075,-0.381467,-0.0756736,
-0.105056,-0.34239,0.531437,-0.121968,0.467937,0.874285,-0.703416,1.93938,-0.435904,-0.52822,
0.66641,-0.521797,0.726103,-0.240307,0.364309,1.10756,-0.0877026,0.758607,-0.898229,-0.0137562,
0.530535,-0.264399,0.731607,-0.176142,-0.476147,1.14063,-0.035261,0.702407,-0.964692,0.335985,
-0.251214,-0.514575,0.443656,0.0157545,0.612203,1.31513,0.906725,0.785829,-1.20837,0.342868,
0.893244,-0.183481,0.519393,-0.121398,-0.237944,0.62924,0.173695,0.520272,-0.871864,-0.0469822,
0.937784,-0.76309,0.537806,0.0838099,0.543102,1.00184,-0.0654914,0.835876,-0.572177,-0.0822038,
0.48519,-0.585885,0.666791,-0.116687,0.00286202,0.667806,-0.131209,1.12176,-1.12121,-0.0685337,
0.737294,-0.446738,0.274815,0.115531,0.75683,1.0481,0.371229,1.31057,-0.531685,0.0253813,
0.498497,-0.243277,0.580187,-0.479464,0.163067,0.737293,0.0986515,1.07409,-1.24718,-0.0134065,
0.63693,-0.7023,0.550032,0.0411318,0.175168,1.05137,0.21533,0.886653,-1.18877,-0.180676,
1.03507,-0.0886909,0.170784,0.191174,0.945094,0.565369,0.0389618,1.43619,-1.38492,-0.449901,
0.989995,-0.329952,0.37717,-0.256879,0.540411,0.870749,-0.130119,0.521198,-1.26574,-0.798915,
1.13211,0.305717,0.562563,-0.638001,-0.15195,-0.0614304,0.249493,0.835259,-0.717523,0.032486,
0.717848,-0.487176,0.56526,-0.0280593,0.769093,0.947977,0.35039,1.10552,-0.707896,0.173808,
0.424627,-0.401248,0.230908,-0.453629,0.435666,1.2809,0.37405,1.14411,-0.765801,-0.252925,
0.0967276,-0.698215,0.649421,0.202153,0.165325,0.469553,-0.403216,1.21645,-1.14979,-0.746394,
0.689742,-0.674204,0.720287,-0.997778,0.541617,0.640353,-0.289017,1.17394,-0.525555,-0.335318,
0.620789,-0.580852,0.0769942,-0.440247,-0.170877,0.748427,0.443087,1.2483,-0.798602,-0.336111,
0.877002,-0.252265,0.104981,0.020939,-0.438845,1.25649,0.572787,1.1922,-0.120089,-0.505638,
-0.506441,-0.350446,0.854253,-0.464986,-0.160793,0.756389,-0.792597,0.938975,-1.21715,-0.19421,
0.134995,-0.462933,0.658251,0.285094,0.63912,1.35684,0.602659,0.977835,-0.394293,-0.28949,
0.96159,0.0818503,-0.183783,-0.103354,-0.696124,1.40701,-0.541872,1.63613,-0.614499,-0.615964,
0.872839,-0.217157,0.29239,0.032936,-0.565344,0.773218,0.0235613,1.2873,-1.02457,-0.436754,
0.509387,-0.866229,0.562158,-0.366057,0.35235,0.632897,0.0151778,1.22525,-0.900401,-0.0758279,
0.442242,-0.406384,0.819065,0.267219,0.504874,1.00445,0.768264,0.625665,-1.10503,-0.0599675,
0.922607,-0.335461,0.330308,0.301244,-0.491087,0.652992,0.00331466,0.789487,-0.706449,-0.0156025,
0.745282,-0.314636,0.890866,-0.0743326,-0.205916,0.203677,0.194124,1.30257,-1.05338,-0.620508,
0.524687,-0.837715,0.259197,-0.403404,0.613304,0.985755,0.462784,0.757733,-1.04338,0.024699,
1.61645,0.70141,0.956224,0.265165,0.434266,0.404573,0.0859478,0.784913,-0.630966,-1.40254,
0.654027,-0.741895,0.622839,-0.554039,0.0188819,1.05074,-0.577946,0.718689,-1.11693,0.00179394,
0.935478,-0.468605,0.149426,-0.318173,-0.602929,0.956781,-0.315719,1.36703,-1.04551,-0.878828,
1.20851,-0.857268,0.566629,-0.203312,0.839213,1.34494,0.992457,0.75798,0.112869,-0.400791,
0.827315,-0.166265,0.524124,0.528886,-0.201518,0.401823,-0.131724,1.48233,-1.01414,-0.407266,
0.964147,-0.434291,0.483578,-0.260926,0.105003,1.15579,0.362964,1.13122,-0.420685,-0.115525,
0.00282712,-0.311757,-0.378885,-0.085605,0.545204,1.57556,-0.519143,1.66305,-1.00106,0.405695,
0.784703,-0.590251,0.622742,0.352762,0.154894,0.861098,-0.259372,0.87542,-0.512775,-0.158457,
0.195299,-0.409882,0.882022,-0.417612,0.404773,0.644413,-0.288803,0.697366,-1.11499,-0.622692,
1.0947,-0.4986,0.492332,-0.022068,-0.205219,0.686129,-0.0676614,1.06757,-0.459004,0.665284,
0.250559,-0.594164,0.486157,-0.0301414,0.158236,0.837074,-0.100472,1.37735,-0.807615,0.043446,
-0.0597135,-0.300086,1.10533,-0.0614796,-0.123121,0.704312,0.590838,0.545953,-0.410816,0.23829,
0.200301,-0.410867,0.0340544,0.100046,-0.069345,0.509666,0.0081932,1.05128,-0.919657,-0.178946,
0.221311,-0.713936,0.5162,-0.135893,0.402615,0.730244,-0.481401,1.25224,-1.10324,-0.4165,
-0.525227,-0.400283,0.396209,-0.389434,0.281109,1.09554,0.348967,1.32025,-0.773002,-0.388283,
-0.0917763,-0.636272,-0.019936,-0.68924,0.614765,1.14454,0.22266,1.25027,-1.08359,-0.545511,
0.762028,-0.0755615,0.334295,0.245012,0.335739,1.40025,0.244458,1.13595,-1.0327,-0.944487,
0.69013,0.33769,1.21572,0.50763,-1.16945,-0.027522,-0.55868,1.4288,-0.514636,0.200087,
0.128627,0.161214,-0.137622,0.365731,0.790601,0.894677,-0.332908,1.58854,-1.22295,0.0971477,
0.584753,-0.735526,0.827536,-0.615366,-0.0495573,0.426361,-0.294692,0.930045,-1.1157,-0.0893166,
0.948304,-0.545262,0.580321,0.773983,-0.169367,0.718663,0.201554,0.852824,-0.367404,-0.00369746,
0.406524,-0.627504,0.319719,0.162497,0.353798,0.818435,-0.121771,1.35249,-0.780113,-0.367912,
0.201349,-0.339253,0.0639373,-0.635375,0.649376,1.08913,0.0505791,1.16635,-0.973481,-0.825449,
0.528208,-0.474057,0.42681,-0.033054,0.833123,1.13378,-0.0703951,1.33612,-1.17875,-0.512108,
0.396064,-0.55698,0.652181,-0.62892,0.404966,1.48224,0.258862,0.777006,-0.622999,-0.579855,
0.997486,-0.00586035,0.32943,0.791004,0.0839864,1.0534,-0.458575,1.02747,-0.657451,-0.136747,
0.292449,-0.83529,-0.0414432,-0.67715,0.100578,1.03153,0.394225,0.796265,-0.905516,0.0300704,
0.571676,-0.522958,0.149174,-0.268284,0.392736,0.703444,0.126225,1.25241,-0.308541,-0.200658,
1.39501,-0.140141,0.346826,0.253858,-0.153902,0.369742,0.529998,1.30876,-0.870726,-0.350828,
0.710453,-1.12932,-0.27054,0.0423125,0.0286442,0.922043,0.230575,0.762203,-0.817637,0.223281,
0.78387,-0.249028,0.570417,-0.0787627,0.39597,1.23892,0.226375,1.04497,-1.15675,-0.396362,
0.720267,-0.453713,0.310023,-0.340216,0.379156,1.06158,-0.0157272,0.872518,-0.605477,0.0845723,
-0.0345405,-0.796354,0.626305,0.0861788,-0.738809,0.878512,-0.596954,0.649188,-1.36743,-0.163629,
0.334241,-0.655409,0.774922,-0.434342,0.293361,0.988284,-0.158027,1.13395,-0.516738,-0.235882,
0.576208,-0.698322,0.901327,-0.163907,0.792895,0.923768,0.325974,1.11159,-0.708678,-0.36521,
0.568897,-0.466561,0.372999,-0.1256,0.753152,1.39598,0.471769,1.22655,-0.659796,-0.0410175,
0.9051,-0.371424,0.698037,-0.285394,0.311784,0.460315,0.220892,1.15513,-0.848083,-0.416219,
1.73636,-0.764506,0.0254673,0.464193,0.283423,0.51353,-0.776268,0.784167,0.140034,-1.16586,
0.839378,-0.466663,0.240819,-0.0786508,-0.712688,1.92136,-0.750726,1.26335,-1.12643,-0.649811,
0.631397,-0.93993,0.387793,-0.350703,0.467928,0.499607,0.226988,1.04265,-0.967637,-0.14225,
0.201507,-0.790883,0.413027,0.0792385,0.329975,0.805636,0.355222,1.47077,-1.18479,-0.447372,
0.324808,-0.350978,0.920138,-0.204721,-0.0279524,1.35872,-0.0862159,0.830487,-0.244171,0.213946,
0.68101,-0.839136,0.659504,-0.114373,0.533574,0.479862,-0.509623,1.13433,-0.95955,-0.370529,
1.32714,-0.201944,0.163768,0.0406301,0.412791,1.32154,-0.13147,1.18024,-1.01495,-0.552808,
1.12524,-0.339529,1.00292,-0.645827,0.832182,0.355072,0.860101,1.03253,-0.370858,-0.534574,
0.482322,-1.38558,0.346663,0.0275217,0.924711,0.422243,-0.333451,0.881266,-0.949166,-0.321997,
0.125007,-0.511637,0.206858,0.135505,0.815628,1.22593,0.150689,0.850427,-0.97911,-0.0326609,
0.531832,-0.605077,0.063815,0.309708,0.617387,1.17062,-0.102769,1.17325,-0.86167,-0.379287,
0.72074,-0.310139,0.564101,0.294047,-0.319052,0.993575,-0.0160563,0.805449,-0.790687,-0.225498,
0.712502,-0.374174,0.182544,0.714253,0.578801,1.30976,-0.11982,0.613228,-0.401834,0.171207,
0.589033,-0.543028,0.662663,0.832699,0.403647,0.973997,0.0154366,1.13017,-0.979299,-0.359548,
0.10514,-0.161341,0.258822,-0.240892,-0.0156795,1.07162,0.0827497,0.790576,-0.932684,0.021287,
-0.0704229,-0.311061,0.922508,0.0558771,0.943639,0.790676,0.756737,1.32252,-1.09498,-0.30726,
0.629665,-0.253588,0.708492,0.322608,0.924434,0.702222,-0.247015,0.579262,-1.60018,-0.796118,
0.615166,-0.253435,0.21035,0.779754,0.474701,0.457297,-0.342021,1.11349,-1.04109,-0.309625,
0.373842,-0.357163,0.129278,0.666617,-0.466656,1.02967,-1.10553,1.77419,-0.532008,0.249527,
-0.192702,-1.08426,0.875074,-0.54265,0.149334,0.777723,-0.650521,0.841753,-0.319202,-0.0708712,
0.41307,-1.16455,0.004858,-0.148998,0.440017,0.774795,-0.297602,1.17666,-0.886607,-0.239994,
0.0583918,-0.756892,0.48818,-0.321918,-0.0482481,0.62691,0.407453,0.833772,-1.26984,0.0635017,
0.86382,-1.14442,0.499199,0.33206,0.788959,0.406754,-0.650959,0.932666,-0.885091,-0.921403,
0.924159,-0.168686,0.767607,-0.202764,0.470188,0.291543,-0.21456,1.19591,-1.12498,-0.340965,
0.254953,0.131712,0.338175,0.210706,0.0168846,1.39397,-0.569793,1.19664,-1.73638,-0.583534,
0.478018,-0.487789,0.112444,-0.941569,-0.148107,1.41731,-0.828045,0.997475,-0.746738,0.545928,
0.693125,-0.806663,0.133694,-0.144106,-0.142547,0.658761,-0.627974,0.997897,-1.15672,-0.522,
-0.123096,-0.417946,0.637025,-0.465246,0.563732,1.20847,0.100015,0.598948,-0.851417,-0.694308,
0.416165,-0.828091,-0.161342,-0.039272,0.049718,1.15649,0.396993,1.11101,-1.15156,0.0396198,
0.058797,-0.522636,0.224235,-0.63303,-0.0619496,1.35147,-0.170831,0.989237,-1.09444,-0.857866,
0.457024,-0.52003,0.79279,-0.545652,0.380281,1.04466,-0.337284,1.01342,-0.96516,-0.806548,
0.586659,0.13129,0.91563,0.105369,-0.419345,0.687975,-0.988937,1.03321,-0.259193,-0.0379551,
0.69441,-0.710931,0.696671,0.267864,0.396206,1.71324,-0.10246,1.64262,0.340198,0.259158,
0.676465,0.0492188,-0.0816707,0.10051,-0.0534569,1.35248,-0.140654,1.40448,-1.03158,-0.898224,
0.755391,0.617331,0.0760911,0.79222,0.36453,1.05516,-0.0648037,1.27968,-0.762807,-0.00703908,
0.339154,-0.0331635,1.38715,0.781122,0.736377,0.754496,0.00105379,1.08076,-0.910936,-0.670077,
0.862269,0.0537506,0.404966,0.889971,-0.441127,1.51146,-0.650774,1.87018,-0.422028,-0.400368,
0.226171,-0.338025,0.518051,-0.396587,1.28519,1.17772,0.327975,1.16976,-0.631129,-0.122002,
0.45893,-0.27373,0.99591,-0.165467,0.522654,0.540372,-0.232155,0.648173,-0.634011,0.38954,
0.789118,-0.439804,0.28853,0.526255,-0.405423,0.246809,-0.0639755,0.982041,-0.704463,-0.280802,
0.524071,-0.203003,0.716509,-0.20645,-0.49757,0.70881,0.276513,1.04564,-1.26195,0.125059,
0.40112,-0.425661,0.572242,-0.213543,0.276828,0.948461,0.0870201,1.00335,-1.30875,-0.280791,
1.00468,-0.426733,0.379217,0.677907,0.109533,0.764917,-0.259297,1.22777,-0.85431,-0.582179,
0.989306,-0.316325,0.525932,-0.174048,0.462088,1.00989,0.101989,0.673967,-1.23773,-0.175197,
0.510827,0.319828,0.594962,0.241504,-0.233441,0.512745,-0.512723,1.15356,-0.76311,-0.264219,
0.715448,-0.775347,0.187761,-0.0902324,0.0824646,1.27626,0.203435,0.934817,-0.741905,0.0865436,
0.586254,0.0340144,-0.000539949,0.0688035,0.635211,0.708627,-0.642833,0.939487,-1.43085,0.133717,
1.08181,-0.913521,-0.058586,0.239448,-0.144655,0.650337,0.0218313,0.929501,-1.31811,-0.528489,
-0.573675,-0.680056,-0.100396,-0.402039,-0.567633,0.975555,-0.996875,1.79633,-1.40931,-1.2418,
0.90289,-0.237801,-0.104117,-0.158428,-0.183215,0.792213,0.639174,1.11853,-0.668735,0.196775,
0.341501,-0.632676,0.415604,-0.226633,0.163384,0.598477,-0.511467,0.692135,-1.20958,-0.351166,
0.210191,-0.74059,0.838556,-0.481006,0.738801,0.795347,0.0945619,0.959708,-0.890484,-0.403777,
1.23087,-0.127142,0.229392,0.258766,0.487774,1.49893,0.102817,1.29073,-0.811453,-0.524773,
-0.22255,-0.257057,0.0091753,-0.152545,-0.718503,1.23393,0.351473,1.88482,-0.88644,-0.686512,
1.02048,-0.47131,0.49206,-0.294,0.201367,0.380143,-0.0961406,1.0922,-0.789335,0.0120238,
0.620819,-0.431691,0.761398,-0.449637,0.495693,1.01535,0.624418,1.11019,-0.441084,0.179007,
0.319124,-0.640752,0.76021,-0.388368,0.796081,0.730225,-0.101276,1.29138,-0.515109,-0.493991,
0.620979,-0.897111,0.678412,0.117282,0.521626,0.617623,-0.329319,0.700019,-1.10075,-0.246708,
0.841295,-0.306626,0.557334,0.133367,-0.36328,0.907175,-0.371416,0.852743,-1.04271,-0.559711,
0.806755,-0.129287,0.174898,0.0379961,0.284379,0.925314,0.267481,1.49023,-0.705722,-0.43692,
0.782393,-0.938978,-0.375289,-0.0166413,-0.699119,0.746412,0.434223,1.09169,-0.804346,-0.360432,
0.875439,0.0585148,0.610997,0.200779,0.750159,0.802349,-0.271669,1.43527,-1.38168,-0.996145,
0.631806,-0.538895,0.193017,0.959581,0.474564,0.770984,0.464866,1.16974,-0.714949,-0.64667,
1.23455,-0.620612,0.548037,-0.217105,-0.312135,1.22109,-1.16616,0.952281,-0.741636,-0.735456,
0.912537,0.0529952,0.314407,-0.199722,0.487281,1.56512,-0.143829,1.15406,-0.580789,-0.826366,
0.812663,-0.494593,0.361567,0.83841,0.798742,1.2168,-0.168988,0.651281,-1.07806,-0.0068586,
-0.146011,-0.70782,0.400718,-0.51858,0.478512,0.70779,0.578979,1.12546,-0.673725,0.015442,
0.14741,-0.396569,0.961561,0.318668,0.513236,0.693127,0.547955,0.948514,-0.926983,-0.182879,
0.569521,-0.374039,-0.0330704,0.275158,0.425831,1.45202,0.514393,0.960185,-0.924786,-0.218783,
0.621736,-0.508296,0.509764,-0.160588,0.209212,1.178,-0.0550549,1.23189,-0.695416,-0.266339,
1.04509,-0.409783,0.459546,0.297774,1.12109,0.995173,-0.459473,1.22657,-0.256105,-0.417909,
0.429711,-0.615564,0.959717,-0.195598,0.456555,1.21646,0.196688,1.02393,-0.268837,-0.5449,
0.240284,-0.172908,0.612899,0.104554,0.281366,1.50008,0.212823,1.07016,-0.656229,-0.704783,
0.242309,-0.63761,0.35612,0.101297,-0.268014,0.554502,0.194598,0.904244,-0.801061,-0.0359437,
0.801939,-0.248327,0.242104,0.362768,0.0588646,1.13234,-0.625542,0.882966,-1.14986,-0.0923933,
-0.0238117,0.220325,0.503423,0.0895115,0.248873,1.11854,-0.909047,1.09463,-1.84974,-0.875951,
0.431609,-0.644966,0.155124,-0.160638,-0.294546,0.402155,0.0417478,1.23912,-0.961663,-0.218361,
0.0536635,-0.790774,1.28229,0.96017,0.209775,0.865808,-0.390191,0.663111,-1.41068,-1.0648,
0.865067,-0.364887,0.650867,0.229776,0.110142,0.556886,9.44447e-05,1.08704,-0.964028,0.0377819,
0.894465,-0.40733,0.316375,-0.00173912,-0.215481,0.321994,-0.723002,1.14825,-1.18669,-0.139268,
-0.155059,0.406479,0.601159,0.0766397,-0.426312,0.736581,-0.0869893,1.6795,-1.7973,-1.1123,
0.726236,-0.271853,0.259969,0.00909519,0.0576782,0.889574,-0.0656542,0.998659,-0.876192,-0.37661,
0.40832,-0.408824,0.491384,-0.342714,0.506114,1.15946,0.19189,1.08699,-1.07988,-0.153566,
0.584356,-0.257008,0.650252,0.541167,0.0512375,1.00228,0.103778,1.1769,-0.774267,-0.238433,
1.05831,-0.458936,0.218371,-0.233456,0.163486,1.24302,-0.0353603,1.19651,-0.723819,-0.588689,
0.349681,-0.488592,0.739217,-0.343589,0.773192,0.896315,0.292237,1.44176,-0.63885,0.0329001,
0.737811,-0.842754,0.483315,-0.081828,0.157585,1.38194,-0.0241695,0.617946,-0.906946,-0.739332,
0.29064,-0.7931,0.0777343,-0.526573,0.0373612,0.984612,0.159842,1.29491,-0.667874,-0.0792691,
0.0707482,-0.346893,0.380102,0.476729,0.18071,1.32938,-0.416434,1.25028,-0.692028,-0.562857,
0.313315,-0.703008,0.496459,-0.316462,0.0673528,0.923214,-0.050616,1.25159,-0.746289,-0.101971,
-0.279652,-0.756539,0.0874568,-0.60719,0.714908,1.12311,0.102324,0.914186,-0.893754,-0.136088,
1.32734,-0.241487,0.418043,0.0701206,1.40097,0.0633995,0.110703,1.35145,-0.200188,-0.697648,
0.724902,-0.231739,0.854912,0.168467,0.279146,0.915801,0.022477,1.05371,-1.06569,-0.453594,
0.590636,-0.441425,0.0640457,0.413412,0.0104159,0.817584,-0.266681,1.17232,-0.708188,-0.316471,
0.159129,-0.526282,0.641033,-0.241598,0.253378,1.34271,-0.155381,1.41007,-1.09395,0.133926,
0.0580412,-0.243367,0.261731,-0.658739,0.437838,1.16062,0.294162,1.20206,-1.03675,-0.787475,
-0.00951745,-0.0371169,0.414477,-1.02722,1.11255,1.57058,-0.271115,0.81198,-0.738912,-1.09118,
-0.279255,-0.859921,0.675491,0.267515,0.368835,1.11597,0.745524,1.1572,-0.131912,0.916676,
0.804707,-0.64327,0.312298,-0.00284554,0.638844,0.794356,0.455544,1.11734,-0.856154,0.215755,
0.134523,-0.369799,0.349789,-0.335518,-0.13998,0.964036,0.0411953,0.526071,-0.803169,0.425597,
0.410678,-0.619208,0.232021,-0.169077,0.509578,0.895304,0.0699794,0.809529,-0.663362,0.193073,
0.640776,-0.312883,0.0954665,-0.379104,0.141498,0.787193,0.506137,0.914316,-0.77011,0.265107,
0.409445,-0.504752,0.36744,-0.226007,0.381869,0.808291,0.264243,1.03703,-0.950402,-0.322642,
0.667581,-0.184805,-0.431786,-0.245011,0.344496,0.975595,0.0216265,0.810173,-1.41361,0.0454071,
0.23622,-0.244812,0.790866,0.0931305,0.429804,0.743957,0.0300347,0.361265,-1.13006,-0.281425,
0.655681,-0.430392,0.15266,0.543805,0.262028,0.828422,-0.0430701,1.06393,-1.06152,-0.337848,
1.10931,-0.556206,-0.233001,0.296194,0.540958,1.10219,-0.569475,1.35849,-0.633506,-0.785479,
0.660617,-0.292067,0.59142,0.423976,-0.373283,0.468091,-0.189705,0.415812,-0.895294,-0.318988,
1.00738,-0.174262,0.629296,0.0576283,0.76297,0.737468,0.224983,0.880866,-0.737981,-0.0171435,
0.777667,-0.584381,0.223275,-0.322275,-0.0815793,0.416934,-1.06758,1.63576,-0.332678,0.0749513,
-0.20526,-0.701837,0.546452,-0.649747,0.415707,1.31046,-0.230427,1.06668,-0.71954,-0.532775,
0.122386,-0.595038,0.132438,-0.410423,0.432747,1.08572,-0.215387,1.2595,-1.09188,0.0606362,
0.322512,-0.537495,0.599433,-0.52193,0.521516,1.17072,0.141346,1.18936,-0.896393,-0.267888,
0.682999,-0.575541,0.545635,0.346203,0.0903868,0.66517,-0.422024,0.781203,-0.893673,-0.131839,
0.394929,0.457672,0.319572,0.0150208,0.503741,1.69275,0.345225,1.20603,-0.736156,-0.89285,
0.715289,-0.189455,0.336191,-0.0296882,-0.582331,0.702702,-0.67266,1.03893,-0.956198,-1.05767,
0.864348,0.364148,0.766709,-0.234545,0.480698,1.03595,-0.036248,1.26642,-0.341403,0.452945,
1.53057,0.248227,-0.222935,-0.461062,1.16949,0.399781,-1.16589,1.76661,-0.642702,-0.622918,
1.43811,0.698696,0.398592,0.980243,-0.355281,0.390584,0.138166,1.06708,-0.643006,0.135336,
0.40923,-0.885613,-0.14675,-0.685403,0.624842,0.769366,0.541214,1.13034,-0.701717,0.0554503,
0.568443,-0.295529,0.242311,-0.546241,0.391928,1.12137,0.478721,1.14365,-0.819855,-0.196577,
0.777807,-0.977689,1.16947,-1.12276,0.930406,0.423016,0.204893,1.19002,-0.79553,-0.256058,
0.691183,0.0799538,0.354055,0.313628,0.477915,0.886177,0.777465,0.445478,-1.79648,-0.414898,
0.480026,-0.287103,0.368327,-0.149181,0.260999,0.790686,0.167625,0.951414,-0.851495,-0.126637,
0.371682,-0.50839,0.55004,-0.790075,0.641103,0.953578,0.21089,1.12877,-0.923854,-0.535357,
0.979183,-0.346614,0.615271,0.216544,-0.290683,0.708908,-0.0313901,0.911717,-0.696943,-0.0415089,
1.24075,-0.311253,0.0955567,-0.140307,0.347954,0.803365,-0.359471,0.879182,-1.11082,-0.00609342,
0.84589,-0.363752,-0.0339407,0.0515725,-0.403231,0.762838,0.181734,1.06594,-0.971118,-0.172781,
1.45585,0.198193,0.362906,0.446337,0.123469,0.888916,-0.143396,1.06855,-0.830842,-1.08287,
0.293984,-0.525453,0.485666,-0.0683381,0.210606,1.07626,0.257808,1.38912,-0.987148,-0.63624,
0.0118946,-1.0473,0.329626,-0.451911,0.89717,1.48797,-0.360187,0.818656,-0.465247,0.231955,
0.84928,-0.344853,0.801291,0.289124,-0.0305512,1.02562,-0.143341,0.995729,-0.765246,-0.417561,
0.686643,-0.674881,0.511844,0.280439,-0.111,1.44315,-0.120443,0.836043,-0.677127,0.083761,
0.658002,-0.568739,0.377106,0.120121,-0.205847,1.26498,-0.19947,1.00128,-0.617554,0.297112,
0.0711758,-0.34949,0.556284,0.023079,0.460702,0.627481,0.475574,1.86754,-0.682074,-0.126639,
0.791716,0.283469,0.517604,-0.121316,0.309283,1.08874,-0.416298,1.35102,-1.21991,-0.36584,
0.23542,-0.40806,0.532936,-0.385351,0.520821,1.03518,0.25496,1.08959,-0.767494,-0.242876,
1.09812,0.218033,0.666963,-0.462443,-0.109648,1.51897,1.3638,0.567265,-0.528078,-1.41979,
0.879707,-0.576254,-0.445867,-0.153271,0.159624,0.284432,0.534802,1.51707,-0.238177,-0.163703,
0.450238,-0.253407,0.526106,0.199875,0.75801,0.858274,0.66745,1.13944,-0.740267,-0.343481,
0.468171,-0.37128,0.0688995,-0.216017,-0.699311,0.999083,-0.470137,1.34136,-0.611016,0.367073,
0.788628,-0.118126,0.180133,0.360723,0.187829,0.901818,0.173265,1.03538,-0.823729,-0.193788,
0.531889,-0.677405,0.393058,-0.0321891,0.718973,0.833298,0.0956512,1.05192,-1.15149,-0.0892828,
0.473495,-0.601493,0.625055,0.162546,-0.162558,1.0023,-0.23565,1.01462,-0.586518,-0.22176,
0.369722,-0.928539,0.626887,-0.187059,1.06891,0.827943,0.519351,0.973319,-0.857387,-0.1336,
0.627101,-0.344029,0.0981628,-0.0353261,-0.245782,0.873586,0.0615234,1.40527,-0.591539,-0.020783,
-0.589236,-0.0364979,0.671439,-0.62124,0.829759,0.904808,-0.0218835,1.34487,0.156884,-1.35467,
0.297994,0.0376507,0.955683,0.489159,0.414424,0.463433,0.252825,1.41718,-0.724407,-0.248066,
0.263248,-0.501424,0.556766,0.820462,0.241747,-0.0833349,-0.214644,1.53535,-1.00533,-1.00973,
1.22204,0.413335,0.683839,0.44042,0.163581,1.50318,-0.967362,1.04976,-0.370668,-0.808627,
0.62794,-0.920405,0.562816,-0.237743,0.240538,0.700352,-0.618802,0.888988,-1.25702,-0.818717,
0.448299,-0.367939,0.797609,-0.379165,0.290259,1.05465,-0.296785,0.81314,-1.31456,0.110463,
0.712452,-0.492499,0.284856,0.567672,1.04637,0.640163,0.143337,1.13241,-0.639532,-0.0203146,
0.785907,-0.552739,0.439892,-0.349121,0.482236,0.832411,0.0510062,1.1321,-0.939256,-0.438703,
0.27682,-0.575564,0.508351,-0.00631427,0.13513,0.987057,-0.0569288,0.956272,-0.914741,0.0156432,
0.660896,-0.274634,0.386382,-0.712773,0.343826,0.531838,0.251321,0.757096,-0.692389,0.586571,
0.098107,-0.169776,0.122286,-0.318134,0.860116,0.707775,-0.4613,1.18115,-1.40156,-0.079613,
0.717832,-0.262969,0.426808,0.181044,-0.71059,1.18444,-0.184429,1.71618,-0.82447,-0.165879,
0.656848,-0.740824,0.549606,0.275187,0.41986,0.900813,0.319756,1.21893,-0.944002,-0.73358,
1.35202,0.562322,0.675033,-0.0917258,-0.439177,0.793547,-0.261315,0.413579,-1.26628,-0.699342,
0.507377,-0.513114,0.177211,-0.050742,-0.193252,0.676203,-0.139243,0.871712,-0.845541,0.298532,
0.835114,-0.648839,0.800784,0.440957,0.902507,0.804522,-0.0216279,0.735661,-0.666798,-0.0621493,
0.699154,-0.403081,0.728567,0.431761,0.00235476,0.82239,-0.162776,0.942217,-0.473764,-0.529506,
0.790492,-0.639112,0.564519,-0.326878,-0.298633,0.423318,-0.0431653,1.22055,-0.881925,-0.678078,
0.543623,-0.382602,0.30981,-0.349975,-0.12269,0.845637,-0.0969951,1.26166,-0.576692,0.289874,
0.785624,-0.23558,0.433133,0.000598894,-0.163978,0.89649,-0.531901,1.27425,-1.29072,-0.556401,
1.45396,-0.7515,-0.1582,0.321751,0.779822,0.467692,0.00464153,0.373746,-0.611499,0.216838,
0.803089,-0.615193,0.692423,0.247012,0.224258,0.583176,-0.556498,0.412334,-1.13222,-0.483025,
-0.016912,0.135399,0.257784,0.458853,0.853136,1.28207,0.484094,0.960311,-0.592401,0.802085,
0.679118,-0.936351,0.667712,-0.0523843,0.542947,1.17623,-0.30929,1.14973,-0.909055,-0.627063,
0.31782,-0.560093,0.558964,-0.680132,0.318284,1.53118,0.0246212,0.943364,-0.594931,-0.271788,
1.61363,-0.890352,-0.17668,0.736058,-0.0644898,1.89047,-1.20225,1.01092,0.175088,-0.733818,
0.37554,-0.449276,1.12546,-0.414914,0.444467,1.13681,-0.124642,0.997843,-0.656125,-0.49066,
0.642407,-0.0418613,0.577131,0.642537,-0.176529,1.04772,-0.422018,1.36518,-0.866917,-0.742076,
0.154034,-0.73764,0.669319,-0.57477,0.809133,1.13483,0.372584,1.06762,-0.631706,-0.551282,
0.58484,-0.117772,0.278313,0.135739,-0.163592,0.677935,0.051489,0.885156,-0.909257,-0.397007,
0.776244,-0.355549,0.474574,0.125197,0.324948,0.972254,-0.0918135,1.08496,-0.889386,-0.618606,
0.859821,-0.251514,1.02348,1.18782,1.0984,1.34119,-0.866028,0.414256,-0.508349,-0.140513,
0.769323,-0.441828,0.76617,0.211497,-0.310104,0.750542,-0.0839152,0.957557,-0.941122,-0.313812,
0.580933,-0.425198,0.44198,-0.068502,0.636613,1.21481,-0.311554,0.790098,-0.685733,0.0346203,
0.291604,-0.188332,0.252003,-0.492304,0.154213,0.819015,0.210753,0.98745,-0.831623,0.386295,
0.852397,-0.373571,0.0264771,0.12491,-0.028622,0.650929,-0.116611,0.910936,-0.735255,-0.243135,
0.124219,-0.627364,0.505548,0.410219,-0.32163,0.612908,-0.340988,0.599432,-1.46125,0.273113,
1.15064,-0.268031,0.395996,0.621068,0.651235,1.09488,-0.0464491,0.337387,-1.28632,-0.120366,
-0.240078,0.1455,0.732536,-0.0688069,-0.0387164,1.53714,-0.082625,1.57073,0.0274764,-0.72023,
-0.0862366,0.00637482,0.653788,-0.226254,0.226457,0.732761,0.00681799,1.11435,-0.395527,-0.00964625,
0.858127,0.125385,0.458683,-0.700343,-0.188681,0.875616,0.611342,0.799009,-0.691353,-0.242099,
0.677613,-0.406716,0.757471,-0.367328,0.358862,0.821518,0.171461,0.989876,-0.833611,-0.314265,
0.774804,-0.538191,0.872663,0.0130155,0.34301,1.18424,0.387158,1.1946,-0.155377,-0.667752,
0.372667,-0.446907,0.200961,0.0656751,0.304079,1.2474,-0.0199883,0.580466,-0.798877,0.414267,
0.629409,-0.41366,0.967808,0.216098,0.833421,1.00578,0.0182082,0.832765,-0.841968,-0.126703,
0.521341,-0.604473,0.358116,-0.504059,0.462236,1.10727,0.0198886,1.22805,-0.45139,-0.945517,
0.45132,-0.208587,0.781144,-0.0409172,0.200237,0.412405,-0.303296,1.37725,-1.0948,-0.644041,
0.103495,-0.997547,0.552977,-0.129124,0.836912,1.01204,0.30125,0.910997,-0.814382,-0.267025,
0.926429,-0.0146133,0.314362,-0.518411,0.240319,1.0001,-0.247026,1.00006,-0.922848,-0.52296,
0.0444949,-0.37739,0.143307,-0.48239,0.197703,1.27313,0.238144,1.34104,-0.932161,-0.491448,
0.659766,-0.580395,0.506739,-0.401654,0.527906,0.965719,0.606876,1.02648,-0.542876,0.0307757,
0.848509,-0.138539,0.556785,-0.457383,0.186238,1.06021,-0.513108,0.858967,-0.82161,-0.0503856,
0.179643,-0.671216,0.433416,-0.128241,1.06075,0.759897,0.417436,1.08387,-0.635499,0.119604,
0.425629,-0.674817,0.590302,0.902616,0.538273,1.05808,0.275648,0.939009,-0.538638,-0.389368,
1.46687,-0.164404,0.732939,0.332389,0.264001,0.989731,-0.311741,0.900544,-0.500761,-0.528063,
0.804196,-0.11406,-0.00783082,-0.625652,0.136176,0.717647,-0.337892,1.2702,-0.799751,-0.24913,
0.393073,-0.30779,0.673954,0.284059,-0.00807374,1.09083,0.341338,1.38682,-0.519554,0.0536479,
0.86021,-0.339574,0.555905,0.24704,-0.218648,0.306557,0.160198,0.943373,-1.22952,-0.705618,
-0.0894032,0.12529,0.0571475,-0.592655,0.535341,1.07145,0.951214,1.45309,-0.840296,-0.365234,
0.589208,-0.725028,0.519056,1.08591,0.476918,1.70902,0.122585,0.47968,-0.841537,0.0496543,
0.286043,-0.266928,1.26596,-0.0117145,-0.955505,0.878321,-1.06259,1.04717,-0.849379,-0.476683,
0.318021,-0.538631,0.593361,-0.0506826,-0.388503,0.618776,0.037406,1.02986,-0.961444,0.0153532,
0.377187,-0.487431,0.187481,-0.304863,0.202507,0.889816,-0.241132,1.01817,-1.35183,0.323591,
0.862177,-0.735338,0.605541,-0.453785,0.368094,0.967398,-0.0759393,0.924584,-0.681269,0.00163264,
0.823047,-0.730164,-0.182816,0.00970901,-0.391624,1.42256,0.345326,0.793534,0.0430397,-0.127067,
0.618117,-0.01373,0.447903,-0.257515,0.771178,0.335772,-0.691115,1.16873,-1.1999,-0.606478,
0.352132,-0.718936,0.707412,-0.347227,0.606771,1.11253,0.0405126,0.938467,-0.635946,-0.503898,
1.2319,-0.604227,0.372576,0.394208,0.342082,0.714744,-0.0204908,1.01638,-0.48718,-0.0501832,
0.344304,-0.0333568,0.367869,-0.265142,0.0931038,0.84861,-0.148694,0.38404,-0.387132,-0.12677,
0.533617,-0.530078,0.568095,-0.652613,0.612606,1.28971,0.254094,0.961472,-1.13094,-0.513423,
0.600865,-0.316668,0.619611,-0.0323604,-0.348779,0.542834,0.0715902,1.19228,-0.806122,-0.223061,
1.32299,-0.0833988,0.501413,0.189266,-0.416661,1.2122,-0.0667285,1.71895,-0.479368,-0.0568899,
0.892141,-0.607627,0.396614,0.341172,-0.187214,0.609979,-0.884234,0.778603,-1.16102,0.392297,
0.777088,0.0990375,0.983902,0.0317701,0.307594,0.18889,0.250036,0.825341,-0.995197,-1.16667,
0.507432,-0.4544,0.668642,-0.0441641,0.25146,1.17327,0.463152,1.19247,-0.883648,-0.329123,
1.11821,-0.621355,0.512152,-0.220283,0.00251435,0.387526,-0.0333474,0.776757,-0.753044,-0.387418,
0.598424,-0.301121,0.335756,-0.2302,-0.275176,0.978876,0.601535,0.775858,-0.981169,-0.307785,
0.553135,-0.365527,0.527591,0.220032,0.531823,0.962188,-0.17472,1.57971,-0.751186,-0.252221,
-0.244663,-0.141951,0.465493,-0.619803,-0.214059,1.71623,-0.380373,0.754931,-0.827956,-0.410186,
0.441383,-0.607236,0.360143,-0.459147,0.436181,1.34968,0.173224,0.791851,-1.00813,0.0788262,
1.28365,-1.06404,0.412044,-0.660661,0.245796,1.28585,-0.396462,0.337905,-1.2584,0.143036,
0.825312,0.345683,0.771406,-0.283281,0.489683,1.08172,-0.642957,0.376127,-0.765357,0.933065,
0.647474,-0.184015,0.0146965,-0.426409,-0.014896,1.40784,-0.277189,1.27116,-0.298758,-0.480196,
0.681406,-0.57191,0.575508,0.112847,0.352893,0.446842,-0.0939242,0.822899,-0.761934,0.182321,
0.781841,-0.877575,0.486719,-0.0911364,0.100797,1.00132,0.34971,0.99808,-0.62817,0.161121,
0.566926,-0.754715,0.462291,0.895427,0.661416,0.420268,0.0415903,0.420632,-0.948369,0.0295216,
0.757667,-0.478327,0.762731,0.372417,0.50371,0.0816199,-0.286028,1.15668,-1.05369,-0.463137,
0.0195326,-0.0551643,0.586462,-0.0303739,0.70796,1.03047,0.336832,1.40744,-0.735162,0.0459715,
1.55086,0.24758,-0.117297,1.05648,-0.616325,1.25302,-0.599714,0.70769,-0.978011,-0.255469,
1.03107,-0.61377,0.396901,0.298144,0.109462,0.575916,-0.226107,0.614735,-0.841727,-0.270075,
0.769419,0.198981,-0.52892,-1.21745,0.0289398,1.56671,0.290473,1.21201,-0.676527,-0.463437,
1.16953,-0.072728,0.731298,0.699384,0.20291,0.416989,0.498293,0.872559,-1.07236,-0.063607,
0.512408,0.159385,0.841183,-0.00649398,-0.202609,0.141616,-0.541662,1.55478,-1.15588,-0.534605,
0.215293,-0.355937,0.798472,-0.18072,0.483232,1.19292,0.25541,1.11202,-0.592333,-0.324372,
0.618493,-0.274756,-0.251608,-0.439995,0.674417,1.73884,0.706249,1.09873,-0.899053,-0.0169954,
1.87566,-0.11194,-0.271641,1.0357,-0.458727,1.51848,-0.488851,0.762458,-0.65947,-0.488918,
0.266784,-0.259615,0.346719,-0.127305,0.0526556,0.784014,0.0103983,1.17104,-0.463129,0.0811086,
1.14254,-0.491899,0.404636,0.119132,-0.280325,0.43896,-1.12317,0.611678,-1.01306,-0.27701,
0.787901,-0.531172,0.970203,-0.233341,0.573099,0.239744,-0.121701,0.811679,-1.12242,-0.454306,
1.14348,-0.549022,0.269442,0.0519709,0.613149,1.10549,0.465357,1.44106,-0.325623,0.175229,
0.75594,-0.573217,-0.237248,-0.218361,-0.0983827,1.17589,0.508615,1.13421,-1.20703,-0.580388,
1.3362,-0.374615,0.336393,0.651592,-0.274809,0.71969,-0.158949,0.735593,-1.0302,-0.329151,
0.433515,-0.0828396,0.23467,0.369018,0.4523,0.547205,0.719482,1.1507,-0.801876,-0.459419,
0.642905,-0.576995,0.216335,-0.457363,-0.162924,1.21013,0.0900656,0.879178,-0.771104,-0.325435,
0.921089,-0.332323,0.489067,0.513067,0.403644,1.12566,-0.252526,0.880815,-0.958357,-0.518615,
0.841597,-0.393079,0.415954,-0.0023591,0.24327,0.823582,-0.170963,1.15594,-1.03754,-0.0563036,
0.726313,-0.664167,0.381025,0.0625875,0.24045,0.648406,-0.163114,0.392296,-1.05467,0.0411913,
0.773926,-0.427775,1.13122,0.39577,0.0905377,-0.452986,-0.067831,1.08066,-0.621188,0.191442,
0.64972,-0.321342,0.150807,-0.0765896,-0.576944,0.970117,0.217296,1.00744,-1.06435,-0.0324888,
0.940734,0.0466791,0.606523,0.461895,0.095598,0.716101,-0.22834,1.27401,0.124141,-0.101685,
0.865829,-0.730198,0.399648,0.0902167,0.292164,0.812912,-0.368901,0.650774,-0.972609,-0.278725,
0.753199,-0.54142,0.370135,-0.0712004,-0.183446,0.604713,-0.0875737,1.2553,-0.768401,-0.247161,
0.599448,-0.137934,-0.00572476,0.317627,-0.526996,0.393724,-0.111348,0.853839,-0.88842,-0.530674,
0.738973,-0.748431,0.543732,-0.02633,0.390986,0.609761,0.150097,0.94341,-0.600921,-0.0818852,
1.24141,-0.784104,-0.488417,0.344005,0.410869,0.417759,1.24082,1.17918,-0.585883,0.225234,
0.997019,0.0670682,0.114365,0.377135,-0.381377,0.853764,0.263746,0.998259,-1.05068,0.202894,
0.4501,-0.924591,0.0728892,-0.448621,0.522456,0.89378,0.832702,0.876236,-0.642494,-0.167581,
0.953174,-0.0537538,0.198557,0.368681,0.743026,0.655849,0.22288,1.39762,-0.267819,-0.117321,
0.830072,-0.449627,0.444313,-0.305205,0.18325,0.441418,0.255214,0.884681,-0.943414,0.247589,
0.0971138,-0.368982,0.506387,-0.802698,0.253426,1.08837,0.000216687,0.928748,-0.772355,0.0648711,
0.193256,-0.98229,0.262272,-0.882244,0.358488,0.565976,0.0937024,1.02274,-0.980569,-0.138313,
0.573742,-0.704117,0.766073,0.330668,0.63263,0.903193,-0.219957,0.73598,-0.894331,-0.160562,
-0.0240792,-0.503758,0.322324,1.10477,-0.959228,0.965986,-0.0318499,1.28621,-0.981273,0.0695562,
0.81562,-0.334399,0.256274,-0.354375,-0.295546,0.813561,0.138591,0.914377,-0.597128,0.198251,
0.559021,-0.51072,0.642733,-0.0830759,0.569913,0.815881,0.542907,1.1014,-0.733034,-0.132933,
0.604264,-0.584891,0.578751,-0.563936,0.305458,0.443214,0.550679,1.20821,-0.582796,0.0373395,
0.418974,-0.827185,-0.0171067,-0.225449,-0.186926,0.868751,0.125135,0.897019,-1.22101,-0.0462831,
0.445254,-0.664985,0.627253,-0.274542,0.239394,0.861735,0.238988,0.893527,-0.832926,-0.212417,
0.279332,-0.623783,0.139638,-0.128613,0.331335,0.701985,0.0666549,0.118282,-1.67106,-0.695114,
1.06234,-0.517256,0.669278,0.195785,0.382578,0.488783,-0.703023,0.658727,-0.917337,-0.22159,
0.194085,-0.514192,1.52053,-0.0862832,0.227548,1.55389,0.298108,1.64414,0.168805,-0.246941,
0.495451,-0.797728,0.60585,-0.0996277,0.103878,0.886608,-0.288868,0.805506,-1.05994,-0.0457051,
0.56156,-0.15851,0.330727,0.664762,0.772072,0.858451,-0.224283,1.07642,-1.3053,-0.484597,
0.613757,-0.481245,0.60421,-0.084649,-0.404317,0.640599,-0.228136,0.92747,-0.693103,0.508301,
0.558568,-0.0713356,0.474861,-0.0532621,1.19042,0.889642,-0.498864,1.26228,-0.821349,-0.0430619,
0.00207448,0.356018,1.17917,0.221812,-0.0546423,1.54679,-0.381762,0.657282,-0.978326,0.71576,
1.25928,-0.57984,0.178348,0.150001,0.805775,1.21316,0.579472,0.7846,-0.204798,-0.193814,
0.935837,-0.484657,0.125385,-0.111273,0.359393,0.51103,-0.109047,1.26231,-0.677813,-0.303691,
1.22844,-0.699063,-0.283621,0.282256,-0.34506,0.51603,0.0729969,0.497011,-0.964307,0.298799,
0.644243,-0.278581,0.190666,-0.0280185,0.243528,1.51266,-0.0636916,0.789567,-0.795082,-0.110703,
0.489632,-0.348516,0.589257,-0.117466,0.156261,0.805533,-0.31452,1.02568,-1.06543,-0.250917,
0.70496,-0.829434,1.0787,-0.559936,0.430705,1.64415,-0.206292,0.688974,-0.503708,-0.722526,
1.42995,-0.0929262,0.416159,0.69554,0.101511,0.606569,-0.523119,0.786321,-0.87934,-0.117179,
0.97807,0.199364,0.263981,0.308481,0.061037,1.32967,0.106009,0.714965,-0.642707,0.10296,
0.827122,-0.0554947,0.106769,0.481638,-0.299635,0.354665,-0.198376,0.531958,-1.79429,0.131729,
0.767614,-0.35741,0.969711,-0.956919,0.587998,0.506464,-0.357805,0.43191,-0.879404,0.0108172,
0.319635,-0.272168,0.271976,-0.431421,0.609643,1.47657,0.255833,0.659435,-1.31668,-0.320224,
0.6839,0.0390566,0.481325,0.545156,0.190716,1.2029,0.186568,1.03768,-1.06625,-0.348059,
0.326108,-0.400222,0.125321,-1.04916,0.477557,1.07014,0.597195,1.14284,-0.671382,-0.204312,
0.241428,-0.460436,0.343337,-0.356482,0.20068,1.10683,0.0137488,1.09172,-0.87113,-0.24427,
0.529181,-0.488836,0.609637,0.144251,0.484024,1.38943,0.212787,1.07673,-0.839858,-0.325746,
0.796965,-0.263109,0.541863,0.325396,0.306965,0.517553,0.352031,1.08876,-0.831705,0.312023,
0.591924,-0.043967,0.475642,-0.0614106,0.280797,0.65609,0.111342,1.23463,-0.97512,-0.18132,
1.0429,-0.295936,0.111096,-0.498993,0.361973,1.26684,-0.00960047,1.30558,-1.09624,-0.775414,
1.55058,0.282184,0.187908,0.212504,0.654515,1.63558,-0.257303,0.89292,0.021489,0.327645,
0.644219,-0.832122,0.157031,0.0831902,-0.338061,0.714383,-0.326827,1.37594,-0.780158,-0.0860775,
0.471681,-1.15116,0.566821,-0.766634,1.26842,1.09203,0.149058,0.704199,-0.176358,-0.350452,
-0.438972,-0.441138,0.88474,0.128287,0.421807,0.626917,-0.183364,0.463021,-0.776057,-0.0342899,
0.468702,-0.55869,0.0406074,-0.123446,-0.166311,0.821675,-0.227569,1.23749,-0.625931,0.394057,
0.390152,-0.6707,0.33773,-0.465255,0.280501,0.851271,-0.484038,1.52284,-0.720845,-0.0504601,
0.43928,-0.0402533,0.227615,0.0392278,0.0964972,1.31495,-0.0459289,0.776866,-1.59599,-0.540248,
-0.0988588,-0.435527,0.827692,-0.35862,0.371938,0.462767,-0.860571,0.685478,-1.24783,-0.439502,
1.20537,-0.126501,0.897484,0.357169,0.225923,0.806656,-0.359885,0.774808,-0.821807,-0.287851,
0.694185,-0.773357,0.40488,0.828991,0.28734,0.479248,0.0884639,1.4492,-0.414343,-0.139429,
-0.350566,-0.770389,0.878826,0.112,0.832797,1.09868,-0.245802,1.12386,-0.673962,0.0190778,
1.08692,-0.00300363,0.0914611,0.526745,0.300754,0.748512,-0.0478613,0.691222,-1.52586,-0.614138,
0.224454,-0.436578,0.38502,-0.0465278,-0.487847,0.972501,-0.464363,1.04706,-1.31141,-0.0584801,
0.712686,-0.332918,0.376563,0.180753,-0.373946,0.865596,-0.159143,1.2199,-0.750338,0.0462254,
0.571574,-0.503424,0.736285,0.0986205,0.153876,0.751851,-0.176031,0.703188,-0.999937,0.131466,
0.566686,0.124785,0.615424,0.279905,0.507368,1.16579,0.367969,0.956946,-1.22176,-0.329467,
1.07662,-0.718603,-0.010652,0.422088,-0.393264,0.706056,0.0814565,0.938317,-0.509544,-0.290856,
0.449122,-0.944536,-0.166953,0.207418,0.214449,0.67331,0.0528224,1.75507,-0.565404,-0.391185,
-0.0681278,-0.762238,0.85415,-0.364207,0.125866,0.54778,-0.184814,1.31095,-0.793727,-0.378102,
0.64123,-0.465302,0.317855,-0.253954,0.266869,0.501478,-0.324354,1.18452,-0.88823,-0.708201,
0.93665,-0.33264,0.0269204,0.289135,0.314132,0.754153,-0.179344,1.22284,-0.82407,0.274382,
0.387154,-0.830624,0.607643,-0.0225595,0.468285,0.870495,-0.432756,0.799983,-0.858531,-0.566973,
0.882217,-0.633905,0.800151,-0.350261,0.304771,0.757381,-0.417714,0.972508,-0.589358,-0.35307,
0.386552,-0.696551,0.577741,-0.532447,0.613997,1.19933,0.0532975,1.01041,-0.989794,-0.183001,
0.464097,-0.792159,0.186458,-0.314365,0.304733,1.3694,-0.240412,0.704964,-0.743995,-0.312846,
1.05913,-0.0199474,0.587911,1.00525,0.291384,1.27188,-0.251326,0.630869,-1.05677,-0.39831,
0.673329,-0.371535,0.947214,0.219345,0.494819,0.419205,-0.159519,0.843686,-0.535261,-0.109829,
1.53239,-0.284141,0.148459,0.752328,0.351123,1.35076,-1.20819,0.729903,-0.0544727,-0.452373,
0.653485,-0.602041,0.56535,-0.321705,0.319593,0.68663,0.434517,1.0741,-0.923851,-0.0184102,
0.796387,-0.456528,0.333123,0.22411,-0.0433921,1.01495,0.0211286,0.907588,-0.968188,-0.18036,
0.93435,-0.0843326,0.708008,0.0310275,-0.356993,0.540353,-0.479604,1.33137,-0.873253,0.338629,
0.856906,-0.526583,0.592593,0.189538,0.024589,0.574055,-1.11209,1.08785,-0.962648,-0.837468,
0.507707,-0.582171,0.309669,-0.950141,-0.0168082,0.844665,0.206752,1.07033,-0.72854,0.164256,
0.825103,-0.961146,0.535133,0.282437,0.0726144,1.35472,-0.514089,0.779046,-0.774256,-0.60285,
0.432288,-1.37036,0.232803,-1.06196,0.422904,1.45489,-0.736716,1.05002,-0.0667262,-0.60915,
0.608814,-0.528899,0.867941,-0.187493,0.643848,1.22143,0.0399847,0.806327,-0.637312,-0.36057,
0.848852,-0.181596,0.154473,0.727499,0.269465,1.2949,-0.609726,1.67897,-0.337423,-0.704713,
0.521889,-0.879838,0.583247,-0.162519,-0.284039,0.810191,-0.0659765,1.19796,-0.917819,0.149268,
0.421036,-0.406753,0.332407,-0.25509,-0.26564,0.644029,-0.246518,0.658604,-1.28611,0.222985,
0.950382,-0.51218,0.422478,0.17605,-0.282871,1.28435,-0.385046,1.41463,-0.709893,-0.31881,
1.26124,0.084844,0.263153,0.155742,-0.14895,0.931396,-0.444947,1.17089,-0.892004,-0.201534,
1.0455,0.0803629,0.792004,0.522966,-0.640379,0.433411,-0.402512,0.686206,-0.824639,-0.146596,
0.286246,-0.837001,0.226473,0.171361,-0.307255,0.703513,-0.699086,0.925117,-0.815386,0.0958664,
0.544902,-0.147042,0.487602,-0.322549,-0.0221875,0.627258,-0.293054,1.13049,-0.715808,-0.387966,
0.919836,-0.340248,0.216888,0.431544,0.974036,0.872962,0.248829,0.840784,-1.21362,0.12426,
0.774274,-0.282151,0.583491,0.570371,-0.507667,0.848388,-0.424457,1.2725,-0.433466,0.0495424,
0.549214,-0.269633,0.838558,0.00360717,-0.0761774,0.90928,-0.295431,0.649292,-1.11899,-0.245574,
0.32173,-0.509482,0.841997,0.00215978,-0.287944,0.7192,0.0879158,0.821334,-0.969307,0.348702,
0.284222,-0.574285,0.310248,-0.520458,-0.0455509,1.18825,-0.0788138,1.15225,-1.03257,-0.118911,
0.55785,-0.196077,0.591008,-0.413018,-0.185156,0.109903,-0.000534133,1.16537,-0.550301,0.294602,
0.89417,-0.0286749,0.627761,0.300599,0.658742,1.24421,0.474072,1.21251,-0.872949,-0.181285,
0.741024,-0.621787,0.221973,0.0811888,0.0605077,0.978778,-0.153064,0.739245,-0.700565,0.1925,
0.591586,-0.806538,0.534204,-0.426866,0.664891,0.850896,0.486143,1.03573,-1.04422,-0.774796,
0.422465,0.0580129,0.519473,-0.130981,-0.305512,0.963329,-0.120677,0.874868,-0.227668,-0.202609,
0.545559,-0.428516,0.544875,1.00021,-0.320436,1.27957,-0.648858,0.971135,-1.09253,-0.81827,
0.462857,-0.568186,0.448,0.121822,-0.303859,1.26167,-0.574379,1.233,-1.01903,-0.558881,
0.586795,-0.310705,0.407223,-0.106348,-0.371621,0.821931,-0.208095,0.758696,-0.686416,0.269634,
0.58149,-0.691393,1.00302,-0.708192,-0.0790117,1.3334,0.404025,0.0361919,-0.804751,-0.503311,
0.297576,-0.708177,0.615391,-0.304607,0.417521,1.00299,0.232984,0.972329,-0.790634,-0.278812,
0.622821,-0.893803,-0.173635,0.598799,0.737554,0.802823,0.185307,1.34023,-0.864021,-0.0556761,
0.631974,-0.98994,0.965801,0.0241,0.307094,0.533175,0.00449983,0.992151,-0.544632,-0.310348,
0.653463,-0.366872,0.520202,0.166502,-0.452452,0.609121,-0.175057,0.741565,-0.655882,-0.0342869,
-0.867704,0.0466895,1.51585,-0.592391,0.278136,1.65209,-0.160152,0.889671,-0.354166,-0.0825756,
0.660466,-0.610863,0.710956,-0.108099,-0.202319,0.43569,-0.0950966,0.95791,-1.29322,0.0853541,
0.765119,-0.212487,0.23693,-0.0643394,0.628609,1.16764,0.431606,1.35324,-0.691917,-0.875391,
0.122938,-0.646119,0.755149,-0.0855397,0.787365,0.946021,0.48869,0.715081,-1.21079,-0.0292577,
1.06347,-0.280103,-0.191299,0.286667,0.463126,1.29817,0.513048,0.766823,-0.4157,0.219553,
0.896681,-0.314617,0.606223,-0.225323,0.519313,1.26273,-0.0812269,1.07574,-0.695445,-0.0237667,
0.548793,-0.880223,0.291448,0.000641353,0.0645613,1.13923,-0.107255,0.935511,-0.608001,-0.150455,
0.301689,-0.12232,0.517192,-0.247392,0.446979,1.62715,0.246347,1.22596,-0.755387,-0.610424,
0.996724,-0.147248,0.148269,0.165781,-0.655704,0.783728,0.0252385,1.15593,-0.841558,0.112806,
0.335045,-0.588653,0.976614,-0.596426,-0.510077,0.966389,0.154515,0.882199,-0.702694,-0.260903,
0.0538055,-0.414536,0.306342,-0.10587,-0.0126655,1.03033,-1.04996,0.853708,-0.826724,-0.221934,
0.889882,-0.354652,0.33054,0.0021675,0.561115,1.07125,0.124982,0.6286,-0.975222,-0.108085,
1.19649,-0.321458,-0.344505,-0.246841,0.198774,1.07311,-0.436102,0.614584,-0.769821,-0.347257,
0.537474,-0.623217,1.01593,-0.243423,0.152702,1.64699,-0.224161,0.849938,-0.710796,-0.35121,
0.662707,-0.425192,-0.295217,0.220673,0.275971,0.950489,-0.330892,1.22192,-1.00427,0.750227,
1.31195,-1.69903,0.119423,0.247992,0.183774,1.71078,0.148038,0.316087,-0.803548,-0.47526,
1.15371,-0.0723551,0.548005,0.132247,0.310834,1.10203,-0.258126,1.30599,-1.1955,-0.568098,
1.34723,-0.254743,0.508153,1.12341,0.648577,1.00781,-0.332876,0.974734,-0.590557,-0.144936,
0.177457,-0.801699,0.753064,-0.263637,0.195699,0.68806,-0.62529,1.2879,-1.15992,-0.806106,
0.768906,-0.298651,0.646716,0.208581,0.240843,1.23655,-0.253048,0.762039,-0.937924,-0.483038,
0.58468,0.0293128,0.409605,0.487376,-0.247521,0.548363,0.0476606,1.06004,-0.803306,-0.551669,
0.166614,-0.00726882,0.821569,-0.649715,0.893281,0.901143,0.0521695,1.15098,-0.765414,-0.0216912,
0.225886,-0.586765,0.382324,-0.174865,0.523653,0.904566,0.091055,0.692383,-0.822961,-0.224807,
0.57787,-0.504805,0.429257,0.0208166,-0.340999,0.523554,-0.0132037,0.836644,-1.04499,0.345611,
0.720618,-0.25692,0.118052,-0.418553,0.000587158,0.789413,0.490679,1.06517,-0.881176,0.283369,
0.346526,0.0112037,0.0989675,-0.50122,-0.121525,0.557326,0.119192,1.49444,-0.785687,0.0367024,
0.890696,-0.283463,-0.0445376,-0.717942,0.185725,0.566861,-0.516831,1.40245,-1.01521,-0.587857,
0.511342,-0.7143,0.259868,-0.0746101,0.113006,0.900463,0.450618,1.04889,-0.628574,-0.487045,
1.04867,-0.571384,-0.174592,0.157159,0.44306,1.29242,0.267358,0.957213,-0.781027,0.401861,
0.563478,-0.135339,0.0272691,-0.222106,0.194061,1.37337,-0.561379,1.663,-1.26456,-0.499393,
1.25794,-1.19126,0.587353,-0.583044,0.334062,0.546447,-0.910919,0.904571,-0.391489,1.06919,
0.826598,-0.823589,0.72953,0.00386715,-0.253165,1.19764,-0.199356,1.20104,-0.802362,0.0516748,
0.869168,-1.33792,-0.371777,-0.903708,-0.129244,0.940714,-0.14196,0.333157,-0.474214,0.730471,
-0.0908668,-0.262591,-0.023283,-0.18175,-0.0296675,0.7481,0.369095,0.942098,-0.482843,-0.118297,
0.51231,-0.922946,0.553733,-0.318329,0.352948,1.82997,-0.160508,0.640651,-0.892815,-0.110618,
-0.0496601,-1.58089,0.540665,-0.883758,0.80593,0.587797,-0.404591,1.11999,-0.31843,0.0975044,
0.224562,-0.833168,1.06802,-0.597199,0.239648,0.977782,-0.226447,0.772858,-0.380247,0.00846756,
0.348823,-0.288113,1.00241,-0.309361,0.634104,1.08816,0.170776,0.887711,-0.778733,-0.0739838,
0.581571,-0.567771,1.09642,0.122572,-0.197986,0.83199,-0.741586,0.989999,-0.652179,-0.582507,
1.10901,0.290922,0.441639,0.846958,-0.0292732,0.218033,-0.371157,0.946447,-1.1038,-0.709843,
0.621687,-0.525294,0.452755,0.900208,-0.188499,0.461887,-0.0211982,0.830495,-0.599839,-0.0851939,
0.410309,-0.674363,0.441195,-0.358724,0.260132,0.965545,0.410509,0.882941,-0.88318,-0.295657,
0.147368,-0.488952,0.703988,-0.590493,0.401034,1.24697,-0.00168183,1.32427,-0.806114,-0.111462,
0.619666,-0.746216,0.576018,-0.0603692,0.234157,0.998296,0.378052,0.988948,-0.7724,0.0306113,
0.728624,-0.475462,0.406623,-0.214287,0.590581,1.05857,0.0780743,0.924042,-1.0523,-0.864276,
0.205019,-0.752742,0.439778,0.304762,0.852759,0.814981,1.1091,0.665019,-0.761274,-0.196439,
0.868825,-0.361229,0.437996,-0.0238324,0.0427315,0.251494,0.210825,1.11781,-1.09009,-0.327333,
0.190272,-0.404579,0.985606,-0.131686,-0.0509127,1.23732,0.0967688,1.46266,-0.668098,-0.561438,
0.299208,-0.487742,0.287251,0.480465,0.389667,0.537124,-0.1412,1.29802,-1.20482,-0.620717,
0.695722,-0.409938,1.00034,0.720116,0.424298,1.32745,0.161723,1.00234,-0.715438,-0.226371,
0.45533,-0.753196,0.374237,-0.63586,0.342765,1.60993,-0.652821,1.22792,-0.283451,-1.36684,
0.285869,-0.756963,0.273777,-0.393293,0.368427,1.25494,0.520697,0.735453,-0.910276,-0.145867,
1.05685,0.0229922,0.501253,0.387618,0.446269,0.523381,0.222315,0.965183,-0.869222,-0.00622257,
0.877221,-1.02499,0.884949,-0.373907,0.632504,0.242367,-0.634341,1.14652,-0.554518,-0.153618,
1.66049,-0.357414,1.20563,0.0723419,-0.416463,2.05283,-0.930989,-0.2122,-0.649447,-0.987954,
0.924083,-0.58383,0.483285,-0.208055,0.207225,0.808461,0.27397,1.17509,-0.993594,-0.240061,
0.910358,-0.672809,0.381381,-0.485874,0.54808,0.625938,-0.341471,0.862136,-0.949166,-0.753928,
0.114694,-0.443934,1.13122,-0.369271,0.978942,0.93654,0.619444,1.13527,-0.613201,0.204194,
1.36464,-0.10563,0.0999624,-0.0292193,0.34962,0.738071,0.258797,1.49742,-0.66962,-0.582822,
0.315661,-0.653911,0.533464,-0.0625289,0.504811,0.945667,-0.0333556,1.40637,-1.04364,-0.643614,
0.892133,-0.536561,0.774012,0.0524501,0.250551,0.710159,-0.214371,0.848518,-0.910698,-0.44164,
0.198637,-0.238074,0.364059,-0.152201,0.37414,1.33531,0.416958,1.31152,-0.866984,-0.88027,
0.929935,-0.514982,0.582316,-0.212183,0.285931,0.874779,0.0113313,1.09426,-0.604932,0.062593,
0.544202,-0.52835,0.871699,0.31848,1.44163,0.149975,0.129092,0.728978,-1.13742,0.103343,
0.776536,0.514998,0.96357,0.171288,0.454076,0.767219,-0.628947,1.53006,-0.737245,-1.0753,
0.389063,-0.160369,0.682354,-0.0103271,-0.108839,1.22982,-0.0656149,0.884845,-0.756665,0.270912,
0.89962,-0.540058,0.247264,0.351358,0.527446,0.674713,0.453787,0.956668,-0.926444,-0.048234,
0.254967,-0.778697,0.822129,0.110613,-0.0798453,0.768182,0.197769,0.744228,-0.411869,0.28164,
1.04724,0.242764,0.32273,1.41844,0.858027,1.04774,-0.228175,0.721617,-1.18029,-0.588625,
0.727294,-0.288866,0.59465,0.525208,0.838193,0.934181,0.123074,0.797321,-0.637558,0.0130813,
0.621686,-0.785985,1.0148,-0.711925,0.524795,0.662931,0.15535,1.25297,-0.358269,-0.883714,
1.30671,0.413319,0.0496088,0.0492157,0.232285,0.976674,0.499155,1.06207,-0.751577,-0.471877,
0.353401,-0.432257,0.477047,-0.145078,-0.0130868,0.665737,-0.100528,1.34431,-0.68289,-0.113832,
0.755547,-0.461893,0.306608,-0.377608,0.204079,0.762607,0.19742,1.34708,-0.784819,-0.49717,
1.30076,0.105171,0.207247,0.1151,-0.0505788,1.56044,-0.121571,1.16723,-1.20093,-1.19471,
0.462846,-0.146483,0.517663,0.156232,0.36029,1.04008,0.197676,1.12693,-0.611339,-0.111229,
0.617534,-0.192943,0.255671,0.1816,0.451289,1.52139,-0.0291663,1.30501,-0.915577,-0.161921,
0.491148,-0.311164,0.935204,0.0225474,0.339744,0.560906,0.595712,0.852866,-0.857258,-0.252198,
0.571261,-0.28337,0.191274,-0.0265874,0.94011,1.38459,0.0181439,0.554107,-1.09086,-0.440983,
0.844869,0.0141331,0.366122,0.0585109,0.890761,0.998805,0.84266,0.733076,-0.796919,-0.338365,
0.623368,-0.81416,0.637712,-0.365923,0.808368,0.540906,0.460015,0.696741,-0.874727,-0.0202211,
0.404806,-0.0546547,0.381198,0.40451,0.4841,1.28201,0.359403,0.626873,-0.635267,-0.508662,
0.42567,-0.580154,0.0904494,-0.149755,-0.311768,0.444937,-0.069763,1.29189,-0.287015,-0.160857,
0.24959,-0.684745,0.220989,-0.666639,0.487893,0.910881,0.163662,1.31841,-0.885312,-0.125796,
0.957967,0.060638,0.315294,-0.664332,0.192892,0.533616,0.704514,1.27773,-0.88247,-0.147849,
0.339328,-0.214334,-0.941312,-0.482813,1.16407,1.16948,-0.143613,1.38838,-0.52805,0.0794558,
0.806538,0.437175,0.72681,-0.169036,0.39561,0.99388,0.114646,1.60658,-0.479315,-0.0860359,
0.262952,-0.319889,0.502981,-0.0592004,-0.314701,0.326655,-0.178125,1.27905,-0.595662,0.0682495,
1.36464,-0.188269,0.515528,1.07594,0.238043,0.979461,-0.436523,0.596321,-0.299627,-0.299374,
0.953662,-0.64963,0.189419,0.489801,0.474696,1.44011,-0.179156,0.504938,-0.840902,0.202596,
0.658822,-0.399035,0.774692,-0.290823,0.130468,1.08382,-0.359023,1.53635,-0.852974,-0.759099,
0.561339,-0.0826357,0.696429,0.0810586,0.793436,1.15921,0.110101,0.984571,-0.753061,-0.193535,
0.877421,0.185449,0.754681,0.198551,-0.363432,0.960823,-0.0937408,0.963262,-0.524605,-0.176128,
0.58384,-0.390822,0.255596,-0.444011,-0.168627,0.488996,0.187931,0.917283,-0.777669,0.339913,
0.982955,-0.322885,0.426159,0.623147,-0.570259,1.27935,-0.748179,1.0876,-0.817449,-0.353355,
0.443791,-0.327796,0.286616,0.00860119,-0.0120478,1.81383,-0.0636762,1.56824,-0.736814,-0.57184,
0.116924,-0.498982,0.872806,-0.127418,0.53152,0.496959,0.335859,1.08153,-0.729051,-0.144767,
0.737356,-0.281164,-0.487124,-0.0388935,0.208939,0.581329,0.250377,1.15027,-0.954459,-0.607342,
0.889205,-0.384497,0.014491,-0.17122,-0.343322,0.904917,0.249154,1.2169,-0.726524,-0.120027,
-0.180136,-0.351585,0.27906,0.0419235,1.04048,1.55686,0.443514,1.11882,-0.960015,-0.424713,
-0.0738695,-0.69086,0.367808,-0.0894121,0.461739,0.401895,0.65576,0.849339,-1.19893,-0.279642,
0.626853,-1.18883,0.275652,0.545453,0.00316527,1.63038,0.349192,0.805762,-0.379405,-0.883729,
1.52189,-0.0873484,0.162342,0.292203,-0.056221,0.704015,0.00773311,0.80871,-0.915188,-0.639701,
0.486897,-0.389104,0.514061,-0.501304,0.665257,1.91389,-0.128202,1.14215,-0.41635,-0.564478,
0.643632,-0.243424,0.114449,0.0936475,1.05237,0.666586,0.419237,0.99074,-0.979866,-0.24124,
0.272388,0.196437,0.527916,0.406713,0.576997,0.359962,-0.801485,1.87697,-0.969464,-0.323659,
1.35897,-0.0180866,0.514277,0.1444,0.136523,0.884758,-0.015084,1.29985,-1.3101,-0.465167,
0.971521,-0.116714,0.61217,-0.172022,0.107612,0.717875,-0.0528527,0.962302,-0.865276,-0.541294,
1.05869,-0.808718,0.569358,-0.197327,0.181887,0.933432,-0.0769772,0.804214,-0.743468,-0.119859,
0.890589,-0.128947,0.355605,0.485729,0.667687,1.08697,0.117239,1.37427,-0.752655,-0.811353,
0.824141,-0.388926,1.06941,-0.588847,-0.0132815,-0.074858,-0.918877,1.28424,-0.9835,-0.531848,
